종목코드,종목명,매수일,매도일,매수가,매도가,수익률(%)
329180,HD현대중공업,2021-12-07,2021-12-08,113000,111000,-1.98
089030,테크윙,2021-12-08,2021-12-20,11493,10582,-8.12
089030,테크윙,2021-12-24,2022-01-11,11265,10379,-8.06
034020,두산에너빌리티,2022-04-21,2022-05-02,22000,20350,-7.69
329180,HD현대중공업,2022-03-25,2022-05-09,118000,133500,12.9
267260,HD현대일렉트릭,2022-06-08,2022-06-17,24400,19950,-18.41
267260,HD현대일렉트릭,2022-07-28,2022-09-21,24350,31150,27.66
010170,대한광통신,2022-09-13,2022-09-28,2699,2268,-16.15
267260,HD현대일렉트릭,2022-10-07,2022-10-26,34600,31550,-9.01
000660,SK하이닉스,2022-11-15,2022-11-24,91300,86900,-5.02
267260,HD현대일렉트릭,2022-10-28,2022-12-07,34200,37400,9.13
267260,HD현대일렉트릭,2022-12-19,2023-01-05,42550,38850,-8.89
090430,아모레퍼시픽,2022-12-28,2023-02-23,141000,145300,2.83
034020,두산에너빌리티,2023-04-07,2023-05-02,17130,16630,-3.12
000660,SK하이닉스,2023-05-03,2023-05-12,89000,86300,-3.24
005930,삼성전자,2023-05-10,2023-05-15,65500,64100,-2.34
089030,테크윙,2023-05-12,2023-05-17,6740,6720,-0.51
000660,SK하이닉스,2023-05-19,2023-06-29,95000,115200,21.01
005930,삼성전자,2023-05-22,2023-07-11,68400,70200,2.42
000660,SK하이닉스,2023-07-05,2023-07-11,118100,111500,-5.79
034020,두산에너빌리티,2023-07-18,2023-07-19,17690,17350,-2.13
034020,두산에너빌리티,2023-07-20,2023-07-21,17650,17500,-1.06
005930,삼성전자,2023-07-19,2023-07-25,72700,70000,-3.92
010170,대한광통신,2023-07-19,2023-07-26,2012,1815,-9.98
089030,테크윙,2023-05-22,2023-07-31,7390,8790,18.69
089030,테크윙,2023-08-03,2023-08-04,8210,8130,-1.18
000660,SK하이닉스,2023-07-19,2023-08-14,118700,114600,-3.66
267260,HD현대일렉트릭,2023-06-02,2023-08-21,48550,70800,45.52
000660,SK하이닉스,2023-11-08,2023-12-06,131600,126800,-3.85
267260,HD현대일렉트릭,2023-12-22,2024-01-02,84900,82200,-3.38
090430,아모레퍼시픽,2023-12-19,2024-01-10,133900,132800,-1.03
000660,SK하이닉스,2023-12-18,2024-01-11,139000,132400,-4.95
329180,HD현대중공업,2024-01-04,2024-01-12,120600,119000,-1.53
005930,삼성전자,2023-12-13,2024-01-15,73300,73200,-0.35
000660,SK하이닉스,2024-01-25,2024-02-02,142700,132300,-7.48
034020,두산에너빌리티,2024-03-12,2024-04-04,16970,16710,-1.74
005930,삼성전자,2024-03-21,2024-04-19,79200,78300,-1.34
000660,SK하이닉스,2024-02-14,2024-04-23,146300,172600,17.73
089030,테크윙,2023-12-18,2024-04-26,10180,32900,222.5
329180,HD현대중공업,2024-04-24,2024-05-23,128400,129100,0.33
005930,삼성전자,2024-05-13,2024-05-23,79400,77700,-2.35
267260,HD현대일렉트릭,2024-01-05,2024-06-13,87200,266000,204.41
090430,아모레퍼시픽,2024-06-13,2024-06-14,192200,190000,-1.35
090430,아모레퍼시픽,2024-06-18,2024-06-20,185300,177400,-4.46
034020,두산에너빌리티,2024-06-20,2024-07-04,21200,19280,-9.25
278470,에이피알,2024-06-14,2024-07-05,77800,67800,-13.04
000660,SK하이닉스,2024-05-14,2024-07-18,184200,212500,15.12
089030,테크윙,2024-05-21,2024-07-19,40800,54000,32.08
034020,두산에너빌리티,2024-07-11,2024-07-24,21850,19760,-9.76
267260,HD현대일렉트릭,2024-06-20,2024-08-01,291500,325500,11.43
329180,HD현대중공업,2024-06-19,2024-08-26,133900,196200,46.22
329180,HD현대중공업,2024-09-25,2024-10-08,199900,179400,-10.44
010170,대한광통신,2024-11-12,2024-11-14,877,803,-8.63
000660,SK하이닉스,2024-11-11,2024-11-15,199300,174000,-12.88
267260,HD현대일렉트릭,2024-10-25,2024-12-03,347000,339000,-2.51
278470,에이피알,2024-11-26,2024-12-23,54200,47700,-12.18
278470,에이피알,2025-01-08,2025-01-20,54000,50200,-7.23
267260,HD현대일렉트릭,2024-12-13,2025-02-11,372500,380000,1.8
329180,HD현대중공업,2024-12-17,2025-02-11,240500,303000,25.72
010170,대한광통신,2025-02-05,2025-02-20,1092,809,-26.07
329180,HD현대중공업,2025-02-13,2025-02-26,353000,311000,-12.08
000660,SK하이닉스,2025-02-19,2025-03-04,216000,184800,-14.62
005930,삼성전자,2025-03-20,2025-04-08,59200,55000,-7.29
329180,HD현대중공업,2025-06-05,2025-07-03,447000,408000,-8.92
090430,아모레퍼시픽,2025-06-23,2025-07-04,141700,138000,-2.82
090430,아모레퍼시픽,2025-07-21,2025-07-28,135200,134300,-0.87
010170,대한광통신,2025-05-30,2025-07-28,644,896,38.84
034020,두산에너빌리티,2025-07-22,2025-08-06,67000,65400,-2.59
267260,HD현대일렉트릭,2025-07-21,2025-08-19,466500,464500,-0.64
010170,대한광통신,2025-08-07,2025-08-20,1083,939,-13.48
034020,두산에너빌리티,2025-08-07,2025-08-21,66300,58200,-12.4
000660,SK하이닉스,2025-08-18,2025-08-25,272000,256000,-6.08
278470,에이피알,2025-04-18,2025-09-08,72700,216000,196.49
278470,에이피알,2025-09-11,2025-09-18,227000,218500,-3.95
010170,대한광통신,2025-08-27,2025-10-01,1099,1388,26.03
278470,에이피알,2025-09-29,2025-10-24,221000,247500,11.76
329180,HD현대중공업,2025-10-02,2025-11-10,529000,523000,-1.34
034020,두산에너빌리티,2025-09-25,2025-11-12,67000,78900,17.51
278470,에이피알,2025-11-03,2025-11-12,260000,213000,-18.25
005930,삼성전자,2025-09-12,2025-11-14,74600,99000,32.43
267260,HD현대일렉트릭,2025-08-29,2025-11-19,494000,817000,65.04
010170,대한광통신,2025-10-20,2025-11-19,1762,1885,6.76
329180,HD현대중공업,2025-11-20,2025-11-28,577000,557000,-3.67
267260,HD현대일렉트릭,2025-12-09,2025-12-24,834000,797000,-4.64
010170,대한광통신,2025-12-04,2025-12-29,2414,2146,-11.29
034020,두산에너빌리티,2026-02-10,2026-03-09,95100,98600,3.46
267260,HD현대일렉트릭,2026-02-11,2026-03-10,945000,963000,1.69
000660,SK하이닉스,2025-12-11,2026-03-11,583000,954000,63.29
005930,삼성전자,2025-12-02,2026-03-13,101200,180000,77.49
005930,삼성전자,2026-03-20,2026-03-27,202000,172100,-14.98
000660,SK하이닉스,2026-03-19,2026-03-31,1008000,817000,-19.12
034020,두산에너빌리티,2026-03-16,2026-03-31,108000,94900,-12.31
278470,에이피알,2026-04-10,2026-05-13,373000,424000,13.43
034020,두산에너빌리티,2026-04-16,2026-05-19,107800,111000,2.75
010170,대한광통신,2026-05-07,2026-06-05,19130,19100,-0.37
329180,HD현대중공업,2026-05-28,2026-06-09,744000,625000,-16.17
278470,에이피알,2026-06-12,2026-06-15,416500,404000,-3.2
278470,에이피알,2026-06-16,2026-06-23,416000,377500,-9.45
329180,HD현대중공업,2026-06-18,2026-06-24,706000,595000,-15.9
089030,테크윙,2026-06-11,2026-06-26,57300,51500,-10.31
005930,삼성전자,2026-04-09,2026-07-02,207000,290000,39.8
000660,SK하이닉스,2026-04-13,2026-07-08,999000,2118000,111.57
