Date,Open,High,Low,Close,Volume,Change
2021-08-23,1447228,1474863,1441410,1467591,90921,
2021-08-24,1473409,1474863,1374503,1390502,219793,-0.05252757750626702
2021-08-25,1400684,1412320,1359958,1400684,136778,0.007322535314584266
2021-08-26,1402138,1403593,1375957,1387593,68806,-0.009346148024822143
2021-08-27,1377412,1387593,1371594,1377412,51753,-0.007337165869242601
2021-08-30,1384684,1387593,1354140,1377412,58695,0.0
2021-08-31,1368685,1403593,1365776,1403593,88580,0.019007384863787946
2021-09-01,1405047,1409411,1390502,1399229,46501,-0.0031091634113308286
2021-09-02,1399229,1399229,1378866,1378866,39189,-0.014553014553014498
2021-09-03,1380321,1397775,1378866,1383230,36787,0.003164919578842351
2021-09-06,1384684,1394866,1377412,1387593,26466,0.0031542115194147513
2021-09-07,1381775,1386139,1375957,1381775,26476,-0.004192872117400381
2021-09-08,1374503,1381775,1352685,1354140,47425,-0.019999638146586785
2021-09-09,1345413,1352685,1322141,1327959,71170,-0.019334042270370833
2021-09-10,1336686,1359958,1336686,1345413,41085,0.013143478074247872
2021-09-13,1338140,1351231,1320686,1327959,31453,-0.012972968151786834
2021-09-14,1332322,1336686,1323595,1327959,37975,0.0
2021-09-15,1336686,1367230,1330868,1361412,52778,0.025191289791326454
2021-09-16,1361412,1370139,1332322,1332322,38403,-0.021367521367521403
2021-09-17,1333777,1357049,1329413,1357049,48971,0.01855932724971887
2021-09-23,1336686,1365776,1336686,1338140,34399,-0.013933911008371824
2021-09-24,1339595,1346867,1330868,1341049,32235,0.0021739130434783593
2021-09-27,1345413,1359958,1333777,1338140,35151,-0.002169197396963085
2021-09-28,1327959,1327959,1263961,1266870,123139,-0.05326049591223636
2021-09-29,1242143,1277051,1234871,1271233,70249,0.003443920844285575
2021-09-30,1261052,1282869,1259597,1271233,40702,0.0
2021-10-01,1268324,1284324,1265415,1272688,36692,0.0011445580786528797
2021-10-05,1234871,1249416,1173782,1181054,117435,-0.07200036458267856
2021-10-06,1189781,1197054,1138874,1150510,95957,-0.02586164561484916
2021-10-07,1160691,1198508,1160691,1185418,54871,0.030341326889814058
2021-10-08,1204326,1207235,1181054,1207235,41598,0.018404478420270376
2021-10-12,1221780,1227598,1194145,1213053,57318,0.004819277108433662
2021-10-13,1213053,1223235,1205781,1205781,30886,-0.005994791653785914
2021-10-14,1223235,1249416,1214508,1249416,41895,0.03618816352223164
2021-10-15,1256688,1266870,1243598,1263961,43372,0.011641438880244825
2021-10-18,1274142,1275597,1247961,1247961,31116,-0.012658618422562107
2021-10-19,1265415,1266870,1249416,1262506,20772,0.011655011655011593
2021-10-20,1265415,1290142,1262506,1272688,29596,0.00806491216675398
2021-10-21,1272688,1275597,1252325,1262506,26754,-0.008000389726311563
2021-10-22,1262506,1284324,1261052,1279960,29653,0.01382488479262678
2021-10-25,1275597,1278506,1252325,1275597,27297,-0.003408700271883447
2021-10-26,1277051,1293051,1265415,1278506,35139,0.0022805008164803464
2021-10-27,1301778,1320686,1298869,1306141,60395,0.021615072592541695
2021-10-28,1320686,1320686,1288687,1288687,52435,-0.013363028953229383
2021-10-29,1303232,1307596,1259597,1266870,38105,-0.01692963458155472
2021-11-01,1275597,1284324,1265415,1271233,27121,0.003443920844285575
2021-11-02,1262506,1284324,1262506,1271233,25029,0.0
2021-11-03,1274142,1279960,1253779,1271233,26080,0.0
2021-11-04,1282869,1293051,1256688,1258143,31561,-0.010297089518601199
2021-11-05,1258143,1269779,1236325,1256688,33680,-0.0011564663158321054
2021-11-08,1236325,1242143,1175236,1197054,66685,-0.04745330583247398
2021-11-09,1194145,1215962,1192690,1201417,26927,0.0036447812713544803
2021-11-10,1194145,1215962,1183963,1192690,39250,-0.007263922518159771
2021-11-11,1182509,1192690,1179600,1191236,27064,-0.001219092974704239
2021-11-12,1192690,1227598,1192690,1211599,31920,0.017094009919109254
2021-11-15,1229053,1269779,1221780,1256688,52670,0.03721445791883293
2021-11-16,1259597,1272688,1237780,1268324,31441,0.0092592592592593
2021-11-17,1262506,1266870,1229053,1236325,34349,-0.025229357798165153
2021-11-18,1229053,1237780,1213053,1223235,27073,-0.01058783086971471
2021-11-19,1242143,1297414,1236325,1297414,76782,0.06064165920693898
2021-11-22,1285778,1303232,1269779,1274142,47728,-0.017937219730941756
2021-11-23,1263961,1275597,1239234,1243598,41193,-0.023972210318787046
2021-11-24,1237780,1258143,1231962,1234871,28738,-0.0070175410381811965
2021-11-25,1229053,1243598,1229053,1231962,17065,-0.0023557116492329833
2021-11-26,1227598,1285778,1224689,1265415,49059,0.02715424664072441
2021-11-29,1291596,1338140,1274142,1285778,78122,0.016091954022988464
2021-11-30,1290142,1316323,1285778,1293051,82085,0.005656497466903332
2021-12-01,1294505,1330868,1288687,1295960,65590,0.0022497179152252134
2021-12-02,1288687,1303232,1258143,1297414,41072,0.0011219482082780452
2021-12-03,1274142,1314868,1268324,1309050,40292,0.008968609865470878
2021-12-06,1310505,1322141,1287233,1310505,32296,0.0011114930674915868
2021-12-07,1288687,1297414,1234871,1275597,64424,-0.02663705975940578
2021-12-08,1284324,1338140,1282869,1329413,95788,0.042188873131561166
2021-12-09,1329413,1336686,1309050,1332322,66419,0.002188183807439792
2021-12-10,1319232,1332322,1310505,1310505,27174,-0.016375170566874986
2021-12-13,1319232,1323595,1266870,1268324,53766,-0.032186828741591955
2021-12-14,1288687,1301778,1268324,1294505,51502,0.020642201834862428
2021-12-15,1307596,1326504,1301778,1314868,54624,0.01573033707865168
2021-12-16,1333777,1394866,1333777,1393411,196218,0.05973451327433632
2021-12-17,1386139,1406502,1371594,1389048,96368,-0.003131165176677997
2021-12-20,1397775,1399229,1352685,1359958,44591,-0.020942400838559916
2021-12-21,1361412,1374503,1343958,1351231,33235,-0.006417109940159871
2021-12-22,1330868,1345413,1306141,1310505,55299,-0.030139924261654794
2021-12-23,1310505,1316323,1282869,1303232,46935,-0.005549768982186287
2021-12-24,1303232,1313414,1287233,1287233,33980,-0.012276402052742719
2021-12-27,1287233,1304687,1287233,1288687,39316,0.001129554633854113
2021-12-28,1295960,1298869,1284324,1295960,62450,0.005643728849596519
2021-12-29,1307596,1316323,1285778,1294505,49199,-0.001122719837032049
2021-12-30,1394866,1394866,1303232,1313414,118946,0.014607127821059107
2022-01-03,1313414,1338140,1311959,1325050,31656,0.008859354323922153
2022-01-04,1311959,1325050,1287233,1291596,48883,-0.025247349156635623
2022-01-05,1281415,1282869,1240689,1252325,66564,-0.030405018287452124
2022-01-06,1252325,1259597,1214508,1218871,56392,-0.026713512866069156
2022-01-07,1218871,1236325,1218871,1227598,49628,0.007159904534606243
2022-01-10,1240689,1240689,1213053,1215962,33584,-0.009478672985781977
2022-01-11,1211599,1227598,1211599,1211599,28311,-0.0035881055493510727
2022-01-12,1224689,1253779,1218871,1246507,44901,0.028811512719967514
2022-01-13,1243598,1258143,1229053,1258143,42470,0.009334885403772253
2022-01-14,1249416,1253779,1226144,1236325,33843,-0.017341430982010797
2022-01-17,1218871,1236325,1195599,1201417,48881,-0.028235294117647025
2022-01-18,1201417,1208690,1170873,1172327,65778,-0.02421307506053272
2022-01-19,1165055,1201417,1163600,1186872,33003,0.012406947890818865
2022-01-20,1192690,1195599,1178145,1186872,25827,0.0
2022-01-21,1179600,1207235,1178145,1189781,26326,0.002450980392156854
2022-01-24,1182509,1192690,1172327,1179600,27803,-0.008557036967307474
2022-01-25,1182509,1185418,1134510,1134510,71379,-0.03822482197355037
2022-01-26,1137419,1140328,1101057,1101057,66996,-0.029486738768278786
2022-01-27,1101057,1102511,1035604,1035604,113995,-0.05944560545003574
2022-01-28,1016695,1090875,1007968,1074876,116935,0.03792183112463832
2022-02-03,1090875,1141783,1083603,1122874,66014,0.04465445316483008
2022-02-04,1106875,1134510,1105420,1118511,28680,-0.0038855650767584127
2022-02-07,1114147,1117056,1086512,1109784,32147,-0.007802337214385946
2022-02-08,1134510,1221780,1122874,1163600,117996,0.04849231922608355
2022-02-09,1151964,1163600,1121420,1124329,50970,-0.033749570299071885
2022-02-10,1125783,1135965,1121420,1128692,35302,0.003880536746806218
2022-02-11,1108329,1108329,1083603,1096693,42415,-0.028350515463917536
2022-02-14,1079239,1125783,1074876,1109784,41183,0.011936795438650671
2022-02-15,1112693,1121420,1069058,1076330,39190,-0.030144604715872658
2022-02-16,1092330,1114147,1085057,1101057,30506,0.02297343751451697
2022-02-17,1111238,1127238,1083603,1105420,35406,0.003962555980298932
2022-02-18,1085057,1103966,1083603,1101057,26245,-0.003946916104286102
2022-02-21,1083603,1119965,1080694,1115602,22778,0.013210033631319673
2022-02-22,1099602,1131601,1098148,1127238,36364,0.010430243043666021
2022-02-23,1134510,1141783,1118511,1118511,25005,-0.007741932049842193
2022-02-24,1112693,1114147,1090875,1105420,28265,-0.011703952844451249
2022-02-25,1105420,1122874,1102511,1118511,38835,0.011842557579924362
2022-02-28,1114077,1146454,1099360,1146454,42885,0.024982320245397593
2022-03-02,1161171,1168530,1121435,1130266,43349,-0.014120060639153387
2022-03-03,1130266,1159700,1122907,1158228,30782,0.024739309153774425
2022-03-04,1159700,1168530,1133209,1140568,29043,-0.015247429694326131
2022-03-07,1124379,1133209,1111134,1124379,26794,-0.014193805191799136
2022-03-08,1118492,1143511,1108190,1131737,26280,0.006544056763778006
2022-03-10,1153813,1170002,1140568,1167058,57271,0.03120954780130014
2022-03-11,1155285,1175888,1147926,1158228,27082,-0.007566033564741392
2022-03-14,1152341,1175888,1144983,1175888,35048,0.015247429694326131
2022-03-15,1177360,1199436,1167058,1193549,39587,0.015019287551195415
2022-03-16,1209737,1217096,1195020,1215624,36727,0.018495260772704025
2022-03-17,1227398,1236228,1196492,1199436,42857,-0.013316617638348682
2022-03-18,1200907,1221511,1200907,1218568,34808,0.015950830223538492
2022-03-21,1220039,1231813,1217096,1220039,33658,0.0012071546273986211
2022-03-22,1221511,1231813,1199436,1230341,22835,0.008443992364178587
2022-03-23,1230341,1242115,1222983,1228870,27101,-0.001195603495291131
2022-03-24,1221511,1228870,1197964,1212681,30958,-0.013173891461261134
2022-03-25,1208266,1212681,1193549,1205322,29745,-0.006068372473882255
2022-03-28,1192077,1212681,1192077,1211209,21574,0.0048841720303784975
2022-03-29,1217096,1218568,1206794,1218568,22388,0.006075747455641434
2022-03-30,1224454,1248002,1220039,1242115,34073,0.01932350102743552
2022-03-31,1230341,1236228,1215624,1217096,40225,-0.02014225735942321
2022-04-01,1214153,1214153,1199436,1206794,30709,-0.008464410366971875
2022-04-04,1192077,1205322,1181775,1200907,31661,-0.004878214508855727
2022-04-05,1199436,1208266,1193549,1196492,26028,-0.0036763879301228153
2022-04-06,1190605,1211209,1187662,1196492,34749,0.0
2022-04-07,1189134,1208266,1189134,1192077,32782,-0.003689953631114906
2022-04-08,1195020,1202379,1177360,1190605,24485,-0.001234819562830225
2022-04-11,1178832,1196492,1172945,1178832,21665,-0.00988825009134009
2022-04-12,1170002,1183247,1150869,1162643,28760,-0.013733084951884522
2022-04-13,1168530,1192077,1158228,1189134,30202,0.022785154170282818
2022-04-14,1190605,1239171,1186190,1234756,75691,0.03836573506434093
2022-04-15,1221511,1252417,1209737,1228870,39056,-0.004766933709979937
2022-04-18,1217096,1228870,1209737,1224454,19789,-0.0035935452895750064
2022-04-19,1225926,1228870,1212681,1214153,23197,-0.008412729265452223
2022-04-20,1215624,1215624,1184719,1184719,30025,-0.024242414259158407
2022-04-21,1196492,1197964,1186190,1186190,15952,0.0012416446431600114
2022-04-22,1183247,1184719,1171473,1178832,25931,-0.0062030534737268495
2022-04-25,1164115,1177360,1164115,1167058,18632,-0.009987852382697504
2022-04-26,1171473,1203851,1171473,1183247,38480,0.013871632772321618
2022-04-27,1167058,1197964,1164115,1192077,24040,0.007462516279356679
2022-04-28,1206794,1228870,1195020,1228870,67005,0.03086461696685694
2022-04-29,1217096,1234756,1217096,1233285,43707,0.0035927315338482035
2022-05-02,1220039,1234756,1220039,1233285,18560,0.0
2022-05-03,1234756,1242115,1222983,1224454,23533,-0.0071605508864536205
2022-05-04,1225926,1231813,1186190,1199436,29679,-0.020431963961079824
2022-05-06,1183247,1190605,1168530,1168530,35502,-0.025767110541954685
2022-05-09,1170002,1177360,1164115,1174417,24763,0.005037953668284079
2022-05-10,1178832,1189134,1165586,1174417,35786,0.0
2022-05-11,1167058,1174417,1162643,1167058,20289,-0.006266087769506101
2022-05-12,1162643,1177360,1149398,1159700,34569,-0.0063047423521367385
2022-05-13,1168530,1170002,1140568,1155285,42934,-0.003807019056652594
2022-05-16,1161171,1162643,1133209,1133209,29719,-0.019108704778474594
2022-05-17,1133209,1143511,1125851,1127322,28680,-0.0051949816847554064
2022-05-18,1131737,1167058,1130266,1167058,31641,0.03524813673466842
2022-05-19,1149398,1174417,1144983,1171473,28920,0.003783016782370696
2022-05-20,1175888,1193549,1170002,1189134,26414,0.015075891633866023
2022-05-23,1189134,1206794,1181775,1205322,23489,0.013613268143035206
2022-05-24,1192077,1206794,1183247,1189134,25770,-0.01343043601626781
2022-05-25,1196492,1236228,1193549,1222983,63993,0.028465252864689816
2022-05-26,1215624,1240643,1215624,1236228,40059,0.010830076951192202
2022-05-27,1231813,1240643,1220039,1227398,22013,-0.007142695360402795
2022-05-30,1228870,1242115,1221511,1240643,23282,0.010791120728565584
2022-05-31,1234756,1246530,1222983,1246530,52228,0.004745120070801967
2022-06-02,1231813,1248002,1227398,1240643,33570,-0.004722710243636352
2022-06-03,1242115,1256832,1239171,1253888,29490,0.010675915634070332
2022-06-07,1243587,1245058,1203851,1209737,48476,-0.03521127883830133
2022-06-08,1218568,1224454,1209737,1218568,27868,0.007299933787261237
2022-06-09,1200907,1206794,1183247,1193549,61336,-0.02053147629020291
2022-06-10,1178832,1199436,1170002,1193549,38227,0.0
2022-06-13,1162643,1168530,1149398,1156756,48236,-0.030826551737716645
2022-06-14,1147926,1171473,1146454,1153813,41912,-0.002544183907410069
2022-06-15,1164115,1184719,1152341,1162643,41517,0.007652886559607053
2022-06-16,1184719,1197964,1178832,1187662,39880,0.021519073352697315
2022-06-17,1170002,1224454,1170002,1224454,170174,0.030978510721063834
2022-06-20,1214153,1215624,1187662,1209737,36423,-0.0120192346956276
2022-06-21,1221511,1221511,1199436,1208266,26266,-0.0012159667762496884
2022-06-22,1203851,1214153,1192077,1202379,46102,-0.0048722715031293
2022-06-23,1199436,1220039,1195020,1206794,67061,0.0036718871503909067
2022-06-24,1220039,1227398,1208266,1222983,66855,0.013414882738893352
2022-06-27,1225926,1225926,1184719,1186190,49709,-0.03008463731711719
2022-06-28,1190605,1199436,1178832,1199436,30247,0.011166845109130907
2022-06-29,1195020,1199436,1175888,1178832,31893,-0.01717807369463653
2022-06-30,1181775,1186190,1162643,1162643,39400,-0.013733084951884522
2022-07-01,1175888,1181775,1137624,1149398,70072,-0.011392147030515831
2022-07-04,1150869,1168530,1140568,1164115,53718,0.01280409396919091
2022-07-05,1167058,1184719,1162643,1184719,34449,0.017699282287402918
2022-07-06,1170002,1192077,1168530,1177360,42738,-0.006211599543858082
2022-07-07,1189134,1202379,1180303,1202379,37597,0.021250084935788616
2022-07-08,1200907,1206794,1192077,1205322,32956,0.0024476475387544827
2022-07-11,1203851,1222983,1199436,1220039,42390,0.012210015249037198
2022-07-12,1220039,1227398,1199436,1227398,43918,0.006031774394097189
2022-07-13,1227398,1228870,1218568,1224454,29096,-0.0023985699830046947
2022-07-14,1211209,1220039,1196492,1214153,38932,-0.008412729265452223
2022-07-15,1215624,1218568,1196492,1202379,26467,-0.009697295151434804
2022-07-18,1196492,1202379,1181775,1192077,31264,-0.008568013912418682
2022-07-19,1212681,1218568,1195020,1205322,31856,0.011110859449515509
2022-07-20,1211209,1217096,1202379,1211209,24159,0.0048841720303784975
2022-07-21,1206794,1215624,1195020,1202379,24413,-0.007290236449696175
2022-07-22,1200907,1221511,1199436,1220039,38096,0.014687548601564071
2022-07-25,1215624,1225926,1212681,1220039,26388,0.0
2022-07-26,1215624,1220039,1206794,1218568,19331,-0.0012056991620759128
2022-07-27,1220039,1246530,1218568,1237700,57368,0.015700395874501893
2022-07-28,1242115,1275964,1242115,1270077,73781,0.026159004605316394
2022-07-29,1277436,1287738,1268605,1273021,42231,0.002317969697900102
2022-08-01,1261247,1293624,1259775,1292153,43145,0.015028817277955353
2022-08-02,1298039,1299511,1265662,1274492,39313,-0.01366788607850622
2022-08-03,1280379,1287738,1274492,1281851,27489,0.005774065274634976
2022-08-04,1284794,1289209,1274492,1287738,29638,0.004592577452449564
2022-08-05,1289209,1323058,1289209,1317172,53438,0.022857133982223
2022-08-08,1315700,1324530,1303926,1324530,33603,0.005586210456948626
2022-08-09,1324530,1330417,1318643,1327473,26187,0.0022219202283073614
2022-08-10,1330417,1339247,1295096,1312756,29801,-0.011086477841733888
2022-08-11,1320115,1331889,1320115,1330417,48826,0.01345337595105267
2022-08-12,1331889,1339247,1309813,1339247,26870,0.006637016815028707
2022-08-16,1351021,1356907,1321587,1331889,25262,-0.005494132150380082
2022-08-17,1334832,1337775,1280379,1281851,57854,-0.03756919683246873
2022-08-18,1284794,1296568,1271549,1287738,28861,0.004592577452449564
2022-08-19,1290681,1293624,1275964,1277436,20236,-0.008000074549326053
2022-08-22,1267134,1274492,1245058,1252417,35640,-0.0195853256053532
2022-08-23,1248002,1249473,1218568,1220039,47211,-0.025852411776588813
2022-08-24,1221511,1228870,1209737,1218568,33429,-0.0012056991620759128
2022-08-25,1230341,1243587,1220039,1243587,25566,0.02053147629020291
2022-08-26,1250945,1258304,1236228,1246530,25360,0.0023665413035034444
2022-08-29,1208266,1227398,1208266,1220039,29902,-0.02125179498287244
2022-08-30,1230341,1236228,1208266,1230341,31115,0.008443992364178587
2022-08-31,1218568,1236228,1214153,1228870,36867,-0.001195603495291131
2022-09-01,1220039,1225926,1199436,1215624,35074,-0.010779008357271302
2022-09-02,1215624,1246530,1211209,1233285,41154,0.014528341000177747
2022-09-05,1233285,1236228,1192077,1199436,43811,-0.02744621072987996
2022-09-06,1199436,1209737,1196492,1200907,16883,0.0012264097459138146
2022-09-07,1193549,1202379,1175888,1193549,45025,-0.006127035648888723
2022-09-08,1206794,1214153,1190605,1192077,46221,-0.0012332966639827525
2022-09-13,1203851,1240643,1199436,1237700,54709,0.038271856599867204
2022-09-14,1200907,1230341,1192077,1218568,47383,-0.015457703805445533
2022-09-15,1220039,1225926,1184719,1187662,45066,-0.025362556705903927
2022-09-16,1178832,1186190,1177360,1180303,27147,-0.006196207338451498
2022-09-19,1177360,1195020,1171473,1190605,26277,0.008728267233074849
2022-09-20,1200907,1200907,1177360,1177360,30346,-0.011124596318678348
2022-09-21,1178832,1178832,1150869,1156756,38470,-0.017500169871577098
2022-09-22,1147926,1164115,1136152,1155285,28629,-0.0012716597104316385
2022-09-23,1165586,1165586,1133209,1133209,30457,-0.019108704778474594
2022-09-26,1121435,1133209,1112605,1115549,34896,-0.01558406260451517
2022-09-27,1115549,1118492,1089058,1109662,35621,-0.0052772222466247465
2022-09-28,1099360,1133209,1096417,1128794,62956,0.01724128608531239
2022-09-29,1162643,1214153,1161171,1196492,122241,0.05997374188735938
2022-09-30,1197964,1215624,1183247,1187662,51339,-0.007379907262229923
2022-10-04,1202379,1205322,1177360,1193549,29437,0.004956797472681629
2022-10-05,1206794,1206794,1186190,1187662,26213,-0.0049323488185235576
2022-10-06,1197964,1202379,1186190,1195020,21048,0.006195365348053539
2022-10-07,1189134,1205322,1184719,1193549,35781,-0.0012309417415607982
2022-10-11,1192077,1199436,1170002,1180303,35588,-0.011097994301029979
2022-10-12,1181775,1212681,1171473,1206794,38941,0.02244423677648877
2022-10-13,1202379,1208266,1186190,1187662,31849,-0.01585357567240142
2022-10-14,1205322,1205322,1180303,1186190,39554,-0.0012394098657698693
2022-10-17,1186190,1227398,1181775,1221511,44506,0.02977684856557561
2022-10-18,1236228,1248002,1224454,1243587,44154,0.01807269848572801
2022-10-19,1243587,1265662,1237700,1246530,40491,0.0023665413035034444
2022-10-20,1236228,1236228,1212681,1228870,36184,-0.01416732850392688
2022-10-21,1239171,1249473,1237700,1246530,32487,0.014370926135392592
2022-10-24,1259775,1284794,1255360,1284794,63665,0.03069641324316308
2022-10-25,1292153,1317172,1277436,1300983,80256,0.012600463576261989
2022-10-26,1302455,1323058,1289209,1318643,58644,0.013574351086832026
2022-10-27,1326002,1331889,1273021,1284794,105969,-0.025669570914948148
2022-10-28,1287738,1303926,1283322,1289209,47309,0.0034363485508182023
2022-10-31,1300983,1312756,1281851,1290681,27165,0.0011417853893356256
2022-11-01,1303926,1305398,1286266,1298039,34209,0.005700866441824104
2022-11-02,1289209,1293624,1275964,1284794,46942,-0.010203853659250584
2022-11-03,1261247,1293624,1253888,1280379,33423,-0.0034363485508183134
2022-11-04,1283322,1289209,1273021,1281851,16777,0.001149659592979857
2022-11-07,1293624,1303926,1280379,1299511,31173,0.013776952235478257
2022-11-08,1308341,1333360,1302455,1324530,49990,0.019252626564915554
2022-11-09,1324530,1330417,1309813,1317172,43942,-0.005555178063162081
2022-11-10,1321587,1337775,1321587,1334832,48778,0.013407512458509574
2022-11-11,1349549,1353964,1321587,1324530,48072,-0.007717825164515135
2022-11-14,1323058,1345134,1323058,1326002,38370,0.001111337606547247
2022-11-15,1337775,1339247,1326002,1333360,26701,0.005549011238293655
2022-11-16,1333360,1334832,1286266,1295096,40046,-0.028697426051478958
2022-11-17,1296568,1309813,1287738,1287738,22557,-0.00568143211005212
2022-11-18,1289209,1308341,1286266,1298039,29766,0.007999297993846577
2022-11-21,1318643,1318643,1298039,1306870,20481,0.006803339499044325
2022-11-22,1305398,1320115,1300983,1306870,31676,0.0
2022-11-23,1309813,1309813,1292153,1306870,21662,0.0
2022-11-24,1312756,1323058,1306870,1318643,19319,0.009008547139348178
2022-11-25,1324530,1330417,1317172,1328945,21531,0.007812577020467337
2022-11-28,1326002,1328945,1298039,1302455,15938,-0.019933104831275972
2022-11-29,1312756,1314228,1290681,1302455,18994,0.0
2022-11-30,1296568,1317172,1290681,1305398,47150,0.0022595790257629034
2022-12-01,1314228,1321587,1290681,1300983,32789,-0.0033821102836070205
2022-12-02,1300983,1302455,1280379,1280379,25623,-0.015837255367672
2022-12-05,1280379,1281851,1224454,1225926,62524,-0.04252881373405848
2022-12-06,1214153,1250945,1214153,1233285,34206,0.006002809304966217
2022-12-07,1230341,1237700,1206794,1222983,28646,-0.00835330033204007
2022-12-08,1218568,1228870,1200907,1217096,57000,-0.004813640091481219
2022-12-09,1227398,1228870,1199436,1217096,32441,0.0
2022-12-12,1217096,1220039,1192077,1199436,25258,-0.014509948270309048
2022-12-13,1202379,1214153,1200907,1206794,18307,0.0061345499051219665
2022-12-14,1214153,1243587,1211209,1231813,30899,0.020731790181257148
2022-12-15,1234756,1234756,1211209,1211209,17994,-0.01672656482761592
2022-12-16,1196492,1231813,1193549,1228870,28061,0.01458129852073431
2022-12-19,1214153,1222983,1208266,1208266,14735,-0.016766622995109337
2022-12-20,1206794,1211209,1186190,1206794,24400,-0.0012182747838638264
2022-12-21,1212681,1215624,1193549,1203851,14104,-0.0024386929335080687
2022-12-22,1205322,1215624,1203851,1212681,18064,0.007334794754500384
2022-12-23,1199436,1209737,1178832,1186190,30104,-0.021844986439137792
2022-12-26,1189134,1214153,1189134,1209737,31057,0.019850951365295577
2022-12-27,1215624,1224454,1208266,1218568,35893,0.007299933787261237
2022-12-28,1208266,1231813,1208266,1221511,34230,0.0024151298901662344
2022-12-29,1209737,1222983,1206794,1208266,23904,-0.010843127896515092
2023-01-02,1222983,1225926,1209737,1217096,22430,0.007307993438530946
2023-01-03,1214153,1217096,1175888,1181775,48529,-0.02902071816849283
2023-01-04,1177360,1180303,1152341,1168530,49194,-0.01120771720505176
2023-01-05,1174417,1196492,1174417,1189134,34102,0.017632409950963934
2023-01-06,1175888,1203851,1174417,1189134,27960,0.0
2023-01-09,1206794,1212681,1190605,1195020,32075,0.004949820625766321
2023-01-10,1200907,1205322,1175888,1175888,44593,-0.01600977389499758
2023-01-11,1184719,1189134,1175888,1181775,45367,0.005006429183731731
2023-01-12,1189134,1202379,1186190,1193549,40961,0.009962979416555662
2023-01-13,1199436,1209737,1193549,1193549,42206,0.0
2023-01-16,1193549,1199436,1186190,1187662,29120,-0.0049323488185235576
2023-01-17,1192077,1193549,1167058,1167058,53845,-0.017348370159186666
2023-01-18,1167058,1170002,1156756,1167058,32826,0.0
2023-01-19,1167058,1180303,1161171,1178832,25866,0.0100886159899507
2023-01-20,1172945,1177360,1168530,1177360,23396,-0.001248693622161623
2023-01-25,1177360,1183247,1172945,1174417,31239,-0.0024996602568457815
2023-01-26,1174417,1177360,1161171,1170002,58379,-0.0037593120671788327
2023-01-27,1168530,1193549,1164115,1190605,56645,0.01760937160791176
2023-01-30,1206794,1221511,1177360,1181775,83345,-0.007416397545785491
2023-01-31,1183247,1184719,1165586,1167058,64294,-0.012453301178312337
2023-02-01,1167058,1184719,1159700,1183247,51002,0.013871632772321618
2023-02-02,1186190,1202379,1186190,1195020,43874,0.00994973999511517
2023-02-03,1187662,1200907,1180303,1193549,32094,-0.0012309417415607982
2023-02-06,1190605,1203851,1181775,1187662,30976,-0.0049323488185235576
2023-02-07,1187662,1200907,1187662,1196492,30499,0.007434775213823519
2023-02-08,1196492,1211209,1193549,1200907,28440,0.003689953631115017
2023-02-09,1200907,1206794,1190605,1197964,28037,-0.002450647718765908
2023-02-10,1190605,1193549,1180303,1189134,23448,-0.007370839190493195
2023-02-13,1189134,1192077,1178832,1187662,21267,-0.0012378756305008176
2023-02-14,1189134,1193549,1180303,1184719,27942,-0.00247797774114189
2023-02-15,1184719,1186190,1167058,1168530,48884,-0.013664843730876286
2023-02-16,1172945,1192077,1170002,1190605,31873,0.018891256535989553
2023-02-17,1181775,1184719,1172945,1175888,23236,-0.012360942546016496
2023-02-20,1177360,1190605,1167058,1184719,22168,0.007510068986162022
2023-02-21,1178832,1184719,1172945,1177360,25339,-0.006211599543858082
2023-02-22,1167058,1168530,1158228,1159700,34686,-0.014999660256845848
2023-02-23,1162643,1168530,1155285,1161171,25767,0.0012684314909028327
2023-02-24,1161171,1162643,1149398,1152341,26613,-0.007604392462436604
2023-02-27,1152341,1153813,1128794,1133209,36239,-0.016602724367179467
2023-02-28,1134681,1153813,1134681,1137624,35106,0.003896015651128737
2023-03-02,1140568,1152341,1134681,1136152,38002,-0.001293924882034836
2023-03-03,1143511,1164115,1142039,1159700,38428,0.020726100028869432
2023-03-06,1164115,1183247,1164115,1178832,49757,0.016497370009485257
2023-03-07,1178832,1183247,1165586,1168530,34202,-0.008739158760535881
2023-03-08,1156756,1158228,1140568,1143511,47668,-0.021410661258161934
2023-03-09,1150869,1150869,1134681,1134681,42068,-0.007721832146783014
2023-03-10,1131737,1144983,1118492,1142039,43368,0.0064846419390118815
2023-03-13,1143511,1146454,1128794,1144983,31869,0.0025778454150864327
2023-03-14,1133209,1155285,1133209,1136152,47283,-0.007712778268323617
2023-03-15,1142039,1149398,1136152,1144983,24727,0.007772727592786799
2023-03-16,1136152,1171473,1134681,1162643,40899,0.01542380978582214
2023-03-17,1174417,1190605,1172945,1189134,61388,0.022785154170282818
2023-03-20,1196492,1209737,1192077,1195020,36810,0.004949820625766321
2023-03-21,1197964,1202379,1184719,1190605,17436,-0.003694498836839588
2023-03-22,1192077,1199436,1184719,1192077,20363,0.0012363462273381476
2023-03-23,1192077,1192077,1168530,1174417,28345,-0.01481447926602053
2023-03-24,1170002,1184719,1165586,1172945,19291,-0.0012533878511635788
2023-03-27,1172945,1177360,1159700,1172945,32334,0.0
2023-03-28,1177360,1181775,1165586,1172945,58898,0.0
2023-03-29,1172945,1178832,1162643,1164115,41268,-0.00752805971294479
2023-03-30,1161171,1161171,1149398,1150869,43963,-0.011378600911421954
2023-03-31,1150869,1162643,1144983,1159700,40081,0.007673332064726646
2023-04-03,1161171,1167058,1143511,1144983,40501,-0.012690350952832663
2023-04-04,1147926,1159700,1143511,1159700,30214,0.012853465946655929
2023-04-05,1159700,1170002,1149398,1159700,26100,0.0
2023-04-06,1162643,1212681,1162643,1184719,115047,0.021573682849012732
2023-04-07,1183247,1184719,1165586,1171473,41681,-0.011180710362541646
2023-04-10,1171473,1190605,1161171,1181775,41933,0.008794056713214982
2023-04-11,1186190,1205322,1183247,1195020,43346,0.01120771720505176
2023-04-12,1187662,1195020,1175888,1177360,75000,-0.014777995347358241
2023-04-13,1177360,1199436,1175888,1199436,58267,0.018750424678942723
2023-04-14,1206794,1214153,1199436,1202379,54788,0.002453653217012075
2023-04-17,1202379,1203851,1186190,1195020,28439,-0.006120366373664199
2023-04-18,1187662,1187662,1162643,1167058,56642,-0.023398771568676646
2023-04-19,1171473,1171473,1152341,1159700,42021,-0.0063047423521367385
2023-04-20,1159700,1162643,1149398,1155285,40959,-0.003807019056652594
2023-04-21,1155285,1161171,1149398,1155285,23450,0.0
2023-04-24,1164115,1177360,1155285,1172945,44266,0.015286271352956238
2023-04-25,1183247,1183247,1152341,1156756,44458,-0.013802011176994644
2023-04-26,1158228,1162643,1149398,1152341,33187,-0.0038167081043885
2023-04-27,1147926,1150869,1128794,1144983,46700,-0.00638526269567774
2023-04-28,1140568,1158228,1140568,1149398,35030,0.003855952446455646
2023-05-02,1118492,1146454,1112605,1128794,68651,-0.017925905560998046
2023-05-03,1128794,1140568,1122907,1140568,35726,0.010430601154860941
2023-05-04,1134681,1175888,1134681,1172945,98160,0.028386733627455696
2023-05-08,1175888,1183247,1158228,1159700,42006,-0.011292089569417185
2023-05-09,1161171,1172945,1156756,1159700,29630,0.0
2023-05-10,1162643,1164115,1143511,1147926,26573,-0.01015262567905495
2023-05-11,1152341,1161171,1147926,1152341,27923,0.0038460667325246334
2023-05-12,1152341,1155285,1140568,1149398,19664,-0.002553931518534891
2023-05-15,1142039,1162643,1142039,1161171,26997,0.010242753162960083
2023-05-16,1152341,1168530,1152341,1162643,16663,0.0012676858102724786
2023-05-17,1152341,1162643,1152341,1158228,10109,-0.00379738234350524
2023-05-18,1159700,1162643,1146454,1147926,25226,-0.008894621784311885
2023-05-19,1143511,1150869,1142039,1146454,23259,-0.0012823126229390969
2023-05-22,1147926,1162643,1147926,1158228,26035,0.0102699279691989
2023-05-23,1162643,1165586,1159700,1165586,29176,0.0063528079100143575
2023-05-24,1161171,1167058,1155285,1165586,22481,0.0
2023-05-25,1159700,1165586,1146454,1146454,24417,-0.016414061253309464
2023-05-26,1144983,1150869,1137624,1143511,18195,-0.0025670458649016403
2023-05-30,1146454,1150869,1140568,1144983,24817,0.0012872635243561525
2023-05-31,1143511,1158228,1142039,1153813,50166,0.00771190489291107
2023-06-01,1159700,1167058,1144983,1159700,36690,0.005102213270261391
2023-06-02,1171473,1171473,1152341,1155285,27382,-0.003807019056652594
2023-06-05,1156756,1159700,1147926,1155285,22248,0.0
2023-06-07,1167058,1168530,1152341,1156756,37373,0.0012732788878935253
2023-06-08,1164115,1165586,1150869,1155285,38595,-0.0012716597104316385
2023-06-09,1162643,1192077,1161171,1178832,106905,0.02038198366636812
2023-06-12,1181775,1183247,1167058,1170002,41229,-0.007490465138374258
2023-06-13,1177360,1183247,1156756,1156756,42982,-0.011321348168635614
2023-06-14,1159700,1161171,1152341,1153813,32193,-0.002544183907410069
2023-06-15,1155285,1161171,1143511,1144983,33969,-0.007652886559607164
2023-06-16,1147926,1152341,1136152,1140568,65780,-0.003855952446455535
2023-06-19,1140568,1146454,1136152,1139096,26713,-0.0012905850418387654
2023-06-20,1136152,1137624,1130266,1131737,37221,-0.006460386130756279
2023-06-21,1128794,1130266,1112605,1114077,47648,-0.015604332101892937
2023-06-22,1112605,1121435,1108190,1112605,33555,-0.0013212731256456722
2023-06-23,1118492,1121435,1097888,1099360,51534,-0.011904494407269373
2023-06-26,1099360,1119964,1089058,1118492,29904,0.01740285256876728
2023-06-27,1111134,1117020,1099360,1100832,30589,-0.015789116059837682
2023-06-28,1106718,1108190,1092001,1092001,27838,-0.008022114182727247
2023-06-29,1090530,1111134,1090530,1100832,29169,0.008086988931328865
2023-06-30,1100832,1108190,1090530,1094945,30635,-0.005347773320543037
2023-07-03,1096417,1100832,1090530,1093473,42698,-0.0013443597623624681
2023-07-04,1103775,1109662,1096417,1097888,46594,0.00403759397808634
2023-07-05,1111134,1130266,1109662,1111134,54675,0.012064982949080427
2023-07-06,1111134,1112605,1093473,1102303,33503,-0.0079477362766327
2023-07-07,1096417,1102303,1052266,1058152,85019,-0.04005341544021923
2023-07-10,1058152,1062567,1034605,1041964,56248,-0.01529836923239758
2023-07-11,1050794,1080228,1049322,1064039,43666,0.021185952681666453
2023-07-12,1062567,1075813,1047850,1074341,50131,0.00968197594261122
2023-07-13,1086115,1103775,1083171,1100832,60874,0.024657906567840282
2023-07-14,1105247,1105247,1087586,1094945,43819,-0.005347773320543037
2023-07-17,1094945,1094945,1080228,1083171,30135,-0.010753051523135881
2023-07-18,1080228,1087586,1068454,1077284,27902,-0.005434968255243144
2023-07-19,1077284,1096417,1077284,1090530,32314,0.012295736314658079
2023-07-20,1087586,1093473,1074341,1084643,27360,-0.0053982925733359055
2023-07-21,1075813,1118492,1075813,1100832,69289,0.014925648346967524
2023-07-24,1100832,1102303,1084643,1092001,39337,-0.008022114182727247
2023-07-25,1086115,1099360,1080228,1081700,33564,-0.009433141544742174
2023-07-26,1077284,1086115,1052266,1069926,69157,-0.010884718498659463
2023-07-27,1094945,1167058,1087586,1164115,209853,0.08803319108050456
2023-07-28,1164115,1164115,1139096,1153813,64179,-0.008849641143701459
2023-07-31,1155285,1156756,1119964,1127322,64873,-0.022959526370391004
2023-08-01,1140568,1184719,1137624,1180303,116295,0.04699721996022421
2023-08-02,1180303,1183247,1155285,1161171,51985,-0.01620939707854674
2023-08-03,1170002,1192077,1161171,1187662,88519,0.022814038586909335
2023-08-04,1189134,1195020,1165586,1171473,39457,-0.013630982552275017
2023-08-07,1168530,1186190,1162643,1167058,37044,-0.003768759501926233
2023-08-08,1171473,1177360,1155285,1162643,27864,-0.003783016782370696
2023-08-09,1159700,1184719,1158228,1174417,33644,0.010126926322181484
2023-08-10,1164115,1180303,1162643,1180303,27507,0.005011848432030508
2023-08-11,1181775,1184719,1171473,1178832,29444,-0.0012462901475298604
2023-08-14,1170002,1178832,1164115,1168530,23680,-0.008739158760535881
2023-08-16,1161171,1162643,1142039,1149398,30745,-0.016372707589877855
2023-08-17,1143511,1149398,1130266,1136152,25897,-0.011524293586729795
2023-08-18,1124379,1147926,1124379,1134681,24989,-0.0012947211288630855
2023-08-21,1134681,1161171,1133209,1144983,21221,0.009079203758589394
2023-08-22,1147926,1150869,1133209,1137624,21004,-0.006427169661034293
2023-08-23,1127322,1143511,1119964,1122907,22085,-0.012936611745181237
2023-08-24,1122907,1136152,1122907,1122907,18381,0.0
2023-08-25,1111134,1124379,1109662,1114077,15924,-0.007863518528248514
2023-08-28,1122907,1124379,1097888,1103775,35306,-0.009247116671468825
2023-08-29,1108190,1112605,1102303,1108190,15873,0.0039999094018254855
2023-08-30,1122907,1122907,1108190,1111134,15950,0.0026565841597558926
2023-08-31,1112605,1115549,1083171,1084643,56588,-0.023841408866977387
2023-09-01,1086115,1102303,1078756,1078756,29957,-0.005427592304564688
2023-09-04,1075813,1083171,1068454,1083171,21839,0.004092677120683508
2023-09-05,1078756,1086115,1075813,1083171,19512,0.0
2023-09-06,1081700,1083171,1068454,1071398,34950,-0.010869013295223051
2023-09-07,1068454,1077284,1059624,1065511,32289,-0.0054946901151579075
2023-09-08,1066983,1069926,1055209,1065511,32749,0.0
2023-09-11,1071398,1081700,1058152,1080228,23139,0.013812152103544584
2023-09-12,1086115,1086115,1061096,1064039,23993,-0.014986650966277493
2023-09-13,1059624,1072869,1055209,1064039,21377,0.0
2023-09-14,1068454,1075813,1058152,1075813,35603,0.011065383881605939
2023-09-15,1077284,1080228,1069926,1075813,42912,0.0
2023-09-18,1078756,1089058,1075813,1077284,28561,0.001367338003909646
2023-09-19,1081700,1083171,1071398,1072869,18389,-0.004098269351443085
2023-09-20,1072869,1072869,1056681,1058152,31412,-0.013717424960549729
2023-09-21,1055209,1056681,1043435,1044907,41072,-0.01251710529300143
2023-09-22,1037549,1044907,1031662,1034605,29821,-0.009859250631874428
2023-09-25,1036077,1039020,1021360,1021360,36478,-0.012801987231842116
2023-09-26,1019888,1021360,996341,1000756,53699,-0.020173102529960074
2023-09-27,990454,1009586,990454,1002228,38763,0.0014708880086653497
2023-10-04,983096,1031662,983096,1016945,90124,0.014684283416547927
2023-10-05,1025775,1081700,1016945,1064039,101457,0.04630928909626375
2023-10-06,1072869,1081700,1056681,1075813,38107,0.011065383881605939
2023-10-10,1075813,1087586,1064039,1068454,36990,-0.006840408137845477
2023-10-11,1074341,1081700,1064039,1066983,25389,-0.0013767555739414572
2023-10-12,1078756,1078756,1061096,1071398,25452,0.0041378353731971185
2023-10-13,1059624,1069926,1056681,1061096,21453,-0.009615474361535092
2023-10-16,1064039,1069926,1050794,1053737,23217,-0.006935282010298804
2023-10-17,1064039,1071398,1061096,1061096,20819,0.00698371605058945
2023-10-18,1056681,1065511,1036077,1036077,27304,-0.02357845096013933
2023-10-19,1021360,1049322,1021360,1046379,48952,0.00994327641671422
2023-10-20,1039020,1046379,1030190,1039020,35697,-0.00703282462664101
2023-10-23,1039020,1044907,1028718,1030190,44760,-0.008498392716213332
2023-10-24,1041964,1086115,1040492,1086115,84539,0.05428610256360478
2023-10-25,1086115,1087586,1058152,1064039,54339,-0.020325656122970437
2023-10-26,1056681,1093473,1044907,1072869,97025,0.008298568003616502
2023-10-27,1061096,1075813,1049322,1064039,37603,-0.008230268560280862
2023-10-30,1059624,1069926,1056681,1061096,27552,-0.0027658760628135326
2023-10-31,1058152,1058152,1037549,1043435,48046,-0.016644111371638348
2023-11-01,1043435,1052266,1033133,1034605,25745,-0.008462434171750077
2023-11-02,1050794,1055209,1040492,1047850,31234,0.012801987231842116
2023-11-03,1052266,1053737,1031662,1037549,24684,-0.0098306055256
2023-11-06,1049322,1077284,1044907,1077284,54400,0.03829698645557955
2023-11-07,1074341,1080228,1065511,1077284,29761,0.0
2023-11-08,1089058,1096417,1071398,1080228,27240,0.002732798407847792
2023-11-09,1080228,1083171,1064039,1064039,23941,-0.014986650966277493
2023-11-10,1056681,1069926,1053737,1068454,16570,0.004149284001808251
2023-11-13,1074341,1074341,1058152,1059624,17029,-0.008264277170566103
2023-11-14,1071398,1071398,1056681,1059624,28237,0.0
2023-11-15,1071398,1077284,1062567,1077284,43211,0.01666628917427304
2023-11-16,1077284,1084643,1071398,1077284,18485,0.0
2023-11-17,1081700,1081700,1064039,1064039,18684,-0.012294808054329254
2023-11-20,1053737,1068454,1052266,1059624,23344,-0.004149284001808251
2023-11-21,1065511,1068454,1058152,1062567,22292,0.0027774002853842017
2023-11-22,1055209,1064039,1050794,1061096,20279,-0.0013843832906537124
2023-11-23,1058152,1065511,1055209,1061096,16138,0.0
2023-11-24,1061096,1065511,1041964,1043435,31646,-0.016644111371638348
2023-11-27,1043435,1047850,1030190,1034605,35983,-0.008462434171750077
2023-11-28,1047850,1072869,1037549,1069926,52789,0.03413959917069809
2023-11-29,1069926,1077284,1064039,1072869,45023,0.0027506575221090124
2023-11-30,1066983,1071398,1056681,1066983,45738,-0.005486224320024213
2023-12-01,1066983,1069926,1046379,1046379,33013,-0.019310523222956677
2023-12-04,1053737,1058152,1047850,1047850,22912,0.0014058003839909627
2023-12-05,1041964,1059624,1040492,1052266,32307,0.004214343656057551
2023-12-06,1055209,1058152,1037549,1037549,37086,-0.013986007340349271
2023-12-07,1037549,1046379,1030190,1043435,31884,0.0056729850831140904
2023-12-08,1049322,1053737,1037549,1043435,36507,0.0
2023-12-11,1043435,1044907,1033133,1034605,32902,-0.008462434171750077
2023-12-12,1041964,1043435,1031662,1036077,32474,0.0014227652099110255
2023-12-13,1036077,1037549,1030190,1031662,27914,-0.004261266295844779
2023-12-14,1040492,1043435,1027247,1027247,70132,-0.004279502395164281
2023-12-15,1033133,1037549,1030190,1034605,40599,0.007162834255052486
2023-12-18,1037549,1039020,1030190,1031662,35962,-0.0028445638673696427
2023-12-19,1031662,1037549,1031662,1036077,26622,0.004279502395164281
2023-12-20,1039020,1061096,1036077,1058152,71239,0.021306331479224117
2023-12-21,1052266,1059624,1040492,1047850,28443,-0.009735841353605168
2023-12-22,1053737,1059624,1047850,1059624,31095,0.011236341079353007
2023-12-26,1066983,1066983,1056681,1062567,36087,0.0027774002853842017
2023-12-27,1062567,1072869,1059624,1072869,40007,0.00969538862020003
2023-12-28,1072869,1118492,1069926,1118492,89718,0.0425242970017774
2024-01-02,1118492,1177360,1112605,1161171,135379,0.03815762651856258
2024-01-03,1150869,1167058,1142039,1158228,59353,-0.002534510420945768
2024-01-04,1150869,1153813,1117020,1133209,52854,-0.021601100992205358
2024-01-05,1125851,1131737,1108190,1112605,41410,-0.018181994671768398
2024-01-08,1122907,1122907,1097888,1102303,41068,-0.009259350802845567
2024-01-09,1114077,1115549,1105247,1106718,21948,0.004005250824864026
2024-01-10,1115549,1115549,1096417,1097888,17166,-0.007978545573488427
2024-01-11,1103775,1125851,1097888,1105247,34712,0.006702869509458198
2024-01-12,1106718,1115549,1089058,1094945,24687,-0.009320993406903622
2024-01-15,1092001,1130266,1087586,1124379,38093,0.02688171551995766
2024-01-16,1125851,1143511,1111134,1127322,48396,0.0026174448295459563
2024-01-17,1133209,1133209,1111134,1112605,45394,-0.01305483260328455
2024-01-18,1112605,1118492,1100832,1103775,30748,-0.007936329604846248
2024-01-19,1105247,1134681,1099360,1133209,62857,0.026666666666666616
2024-01-22,1140568,1167058,1134681,1167058,92843,0.02987004162515472
2024-01-23,1167058,1175888,1161171,1175888,52692,0.007566033564741392
2024-01-24,1172945,1189134,1152341,1159700,58746,-0.013766617228851752
2024-01-25,1170002,1177360,1146454,1155285,65692,-0.003807019056652594
2024-01-26,1144983,1149398,1128794,1137624,40008,-0.015287136940235535
2024-01-29,1177360,1199436,1167058,1177360,132363,0.034928939614494725
2024-01-30,1177360,1220039,1177360,1211209,99964,0.02874991506421143
2024-01-31,1211209,1243587,1209737,1236228,101779,0.020656220355033783
2024-02-01,1220039,1228870,1200907,1220039,58451,-0.013095480768919643
2024-02-02,1211209,1268605,1209737,1264190,91080,0.036188187426795304
2024-02-05,1252417,1275964,1236228,1246530,53679,-0.013969419153766482
2024-02-06,1261247,1292153,1237700,1245058,53622,-0.0011808781176546601
2024-02-07,1249473,1253888,1214153,1215624,66274,-0.023640665736054056
2024-02-08,1222983,1225926,1180303,1199436,67879,-0.013316617638348682
2024-02-13,1202379,1239171,1202379,1233285,59488,0.02822076375896665
2024-02-14,1224454,1225926,1199436,1218568,36255,-0.011933170353973344
2024-02-15,1228870,1228870,1203851,1208266,33101,-0.008454185568634642
2024-02-16,1220039,1220039,1199436,1218568,41510,0.008526268222394773
2024-02-19,1206794,1217096,1203851,1208266,38535,-0.008454185568634642
2024-02-20,1205322,1212681,1199436,1203851,34432,-0.003653996719265473
2024-02-21,1209737,1212681,1202379,1211209,61619,0.006112052072889451
2024-02-22,1214153,1224454,1203851,1206794,26996,-0.003645118224848032
2024-02-23,1205322,1218568,1186190,1197964,48865,-0.007316907442363796
2024-02-26,1202379,1209737,1190605,1192077,43903,-0.004914171043537197
2024-02-27,1200907,1200907,1181775,1187662,38993,-0.0037036198165051326
2024-02-28,1187662,1195020,1171473,1178832,38895,-0.007434775213823408
2024-02-29,1171473,1178832,1136152,1139096,93498,-0.03370794141998179
2024-03-04,1143511,1153813,1136152,1139096,56095,0.0
2024-03-05,1133209,1168530,1130266,1147926,36358,0.007751761045601047
2024-03-06,1144983,1167058,1143511,1155285,25256,0.006410691978402827
2024-03-07,1168530,1195020,1156756,1171473,58608,0.014012126877783304
2024-03-08,1196492,1243587,1195020,1233285,126419,0.052764340279289446
2024-03-11,1239171,1240643,1214153,1221511,43337,-0.009546860620213482
2024-03-12,1230341,1237700,1215624,1236228,31648,0.012048192771084265
2024-03-13,1239171,1248002,1205322,1218568,40759,-0.01428539072080559
2024-03-14,1221511,1236228,1214153,1236228,51166,0.014492420611734502
2024-03-15,1231813,1258304,1215624,1215624,61217,-0.01666682844912104
2024-03-18,1227398,1295096,1215624,1264190,118063,0.039951498160615495
2024-03-19,1265662,1267134,1243587,1248002,39908,-0.01280503721750681
2024-03-20,1256832,1273021,1245058,1250945,45921,0.0023581692978056346
2024-03-21,1255360,1262719,1221511,1261247,52234,0.008235374057212752
2024-03-22,1252417,1259775,1236228,1236228,35424,-0.019836717153737582
2024-03-25,1246530,1253888,1228870,1236228,32203,0.0
2024-03-26,1245058,1249473,1215624,1218568,47354,-0.01428539072080559
2024-03-27,1218568,1231813,1217096,1230341,23730,0.009661340196033485
2024-03-28,1224454,1230341,1215624,1225926,24216,-0.0035884360514686353
2024-03-29,1225926,1248002,1218568,1222983,33054,-0.0024006342960342097
2024-04-01,1233285,1233285,1200907,1200907,38290,-0.018050945924841133
2024-04-02,1196492,1209737,1192077,1200907,29208,0.0
2024-04-03,1193549,1212681,1193549,1195020,34465,-0.004902128141479722
2024-04-04,1200907,1211209,1195020,1202379,23545,0.006158055932118378
2024-04-05,1195020,1200907,1183247,1196492,26621,-0.004896126762027664
2024-04-08,1189134,1208266,1174417,1199436,26090,0.0024605262718011556
2024-04-09,1205322,1208266,1184719,1184719,26905,-0.012269933535428268
2024-04-11,1171473,1181775,1155285,1170002,41607,-0.012422355005701768
2024-04-12,1170002,1178832,1158228,1162643,28099,-0.006289732838063555
2024-04-15,1153813,1168530,1143511,1167058,21470,0.003797382343505351
2024-04-16,1158228,1168530,1149398,1155285,29743,-0.010087759134507435
2024-04-17,1155285,1158228,1142039,1142039,20267,-0.011465569101996476
2024-04-18,1147926,1172945,1143511,1162643,22559,0.018041415398248217
2024-04-19,1153813,1161171,1133209,1149398,37832,-0.011392147030515831
2024-04-22,1162643,1184719,1159700,1180303,40716,0.026887988320842826
2024-04-23,1170002,1177360,1161171,1164115,29974,-0.01371512230334071
2024-04-24,1175888,1183247,1159700,1162643,33069,-0.0012644798838602478
2024-04-25,1152341,1161171,1140568,1147926,46702,-0.012658227848101222
2024-04-26,1146454,1147926,1131737,1133209,55920,-0.012820512820512775
2024-04-29,1140568,1144983,1130266,1140568,61634,0.006493947718382076
2024-04-30,1142039,1158228,1140568,1149398,41267,0.007741756738747663
2024-05-02,1143511,1152341,1139096,1140568,33370,-0.007682282377383665
2024-05-03,1146454,1149398,1134681,1134681,38095,-0.005161463411212708
2024-05-07,1143511,1162643,1143511,1155285,59675,0.018158407517178787
2024-05-08,1170002,1181775,1162643,1164115,55999,0.007643135676478119
2024-05-09,1171473,1171473,1146454,1149398,56390,-0.012642221773622064
2024-05-10,1161171,1168530,1152341,1158228,44835,0.007682282377383665
2024-05-13,1164115,1168530,1147926,1149398,23944,-0.007623714847163066
2024-05-14,1152341,1161171,1146454,1149398,19450,0.0
2024-05-16,1156756,1164115,1149398,1153813,44695,0.0038411411886918323
2024-05-17,1152341,1164115,1150869,1159700,31048,0.005102213270261391
2024-05-20,1165586,1167058,1155285,1162643,27451,0.0025377252737777134
2024-05-21,1155285,1158228,1146454,1146454,39625,-0.013924308665686724
2024-05-22,1149398,1158228,1142039,1143511,27962,-0.0025670458649016403
2024-05-23,1137624,1146454,1133209,1133209,50025,-0.009009095671139167
2024-05-24,1122907,1127322,1105247,1105247,55049,-0.024675059940399313
2024-05-27,1109662,1117020,1097888,1111134,30137,0.005326411200392345
2024-05-28,1109662,1111134,1096417,1096417,35616,-0.013245027152440692
2024-05-29,1087586,1099360,1068454,1069926,60639,-0.024161427632005017
2024-05-30,1068454,1094945,1061096,1077284,26053,0.006877111127311597
2024-05-31,1087586,1089058,1071398,1074341,34918,-0.0027318701475190776
2024-06-03,1083171,1112605,1083171,1106718,33857,0.03013661398010492
2024-06-04,1097888,1114077,1097888,1108190,22477,0.0013300587864297775
2024-06-05,1114077,1139096,1105247,1118492,43846,0.009296239814472251
2024-06-07,1121435,1131737,1099360,1103775,39175,-0.013157894736842146
2024-06-10,1092001,1092001,1078756,1083171,46253,-0.018666847863015534
2024-06-11,1089058,1111134,1087586,1089058,32841,0.0054349682552432554
2024-06-12,1090530,1103775,1083171,1092001,40610,0.0027023354128064003
2024-06-13,1093473,1111134,1083171,1083171,64959,-0.008086073181251652
2024-06-14,1083171,1087586,1078756,1084643,34825,0.001358972867626651
2024-06-17,1081700,1084643,1074341,1083171,25446,-0.0013571285667265398
2024-06-18,1087586,1094945,1078756,1089058,31470,0.0054349682552432554
2024-06-19,1097888,1112605,1092001,1111134,37807,0.02027072938264074
2024-06-20,1108190,1112605,1099360,1099360,22549,-0.010596381714536696
2024-06-21,1099360,1105247,1086115,1103775,42098,0.004015972929704459
2024-06-24,1099360,1100832,1080228,1080228,31213,-0.02133315213698439
2024-06-25,1089058,1089058,1077284,1086115,28771,0.005449775417782243
2024-06-26,1086115,1087586,1071398,1072869,43502,-0.01219576195890859
2024-06-27,1066983,1078756,1062567,1077284,33425,0.004115134280140431
2024-06-28,1077284,1080228,1065511,1069926,51642,-0.006830139498962162
2024-07-01,1069926,1131737,1066983,1117020,99742,0.04401612821821321
2024-07-02,1112605,1199436,1108190,1192077,211136,0.06719396250738563
2024-07-03,1184719,1203851,1165586,1192077,106280,0.0
2024-07-04,1192077,1192077,1170002,1181775,49533,-0.00864205919584049
2024-07-05,1189134,1189134,1174417,1181775,42837,0.0
2024-07-08,1186190,1189134,1153813,1165586,54930,-0.013698885151572804
2024-07-09,1171473,1189134,1164115,1171473,37332,0.00505067837122275
2024-07-10,1171473,1199436,1165586,1187662,55317,0.013819353924503508
2024-07-11,1197964,1211209,1184719,1199436,56039,0.009913594945363258
2024-07-12,1199436,1214153,1196492,1211209,58797,0.00981544659323208
2024-07-15,1221511,1224454,1200907,1205322,42490,-0.004860432840244733
2024-07-16,1214153,1217096,1200907,1212681,34695,0.0061054224514278665
2024-07-17,1203851,1264190,1203851,1252417,118916,0.03276706734912138
2024-07-18,1250945,1259775,1239171,1250945,64548,-0.0011753273869645753
2024-07-19,1239171,1242115,1208266,1228870,47053,-0.01764665912570096
2024-07-22,1225926,1261247,1215624,1248002,83610,0.015568774565251076
2024-07-23,1253888,1273021,1243587,1248002,49846,0.0
2024-07-24,1243587,1309813,1230341,1299511,184563,0.04127317103658479
2024-07-25,1295096,1309813,1262719,1281851,129621,-0.013589727212774627
2024-07-26,1284794,1367209,1283322,1346606,169204,0.05051679173320456
2024-07-29,1352492,1398115,1346606,1383398,98763,0.027322022922814826
2024-07-30,1383398,1412832,1365738,1378983,98388,-0.0031914170759246296
2024-07-31,1390757,1405474,1361323,1380455,73662,0.0010674533333623337
2024-08-01,1365738,1365738,1326002,1361323,98484,-0.013859198597563793
2024-08-02,1342190,1364266,1328945,1340719,68703,-0.01513527649205959
2024-08-05,1321587,1359851,1255360,1309813,170896,-0.023051810260017236
2024-08-06,1358379,1381926,1326002,1365738,130086,0.0426969346005881
2024-08-07,1364266,1440794,1361323,1412832,190862,0.03448245563936858
2024-08-08,1412832,1437851,1390757,1433436,91633,0.014583474892980952
2024-08-09,1443738,1451096,1405474,1412832,69190,-0.014373854151842114
2024-08-12,1415775,1433436,1389285,1398115,55814,-0.01041666666666663
2024-08-13,1389285,1396643,1361323,1381926,59151,-0.011579161943044758
2024-08-14,1384870,1384870,1342190,1371624,79952,-0.007454813065243759
2024-08-16,1383398,1387813,1361323,1370153,65642,-0.0010724513423503446
2024-08-19,1373096,1404002,1356907,1368681,72489,-0.0010743325745372623
2024-08-20,1370153,1374568,1327473,1334832,83301,-0.02473110973265502
2024-08-21,1343662,1395172,1343662,1395172,102234,0.04520419048988944
2024-08-22,1392228,1420191,1377511,1405474,82785,0.007384035803470912
2024-08-23,1405474,1418719,1395172,1408417,35157,0.0020939554911723057
2024-08-26,1418719,1418719,1395172,1415775,29662,0.0052243050176190575
2024-08-27,1423134,1479059,1423134,1431964,162011,0.011434726563189779
2024-08-28,1440794,1477587,1433436,1458455,116314,0.01849976675391285
2024-08-29,1458455,1464342,1404002,1406945,72313,-0.03531819631047928
2024-08-30,1406945,1454040,1406945,1442266,59524,0.02510474823109643
2024-09-02,1456983,1458455,1405474,1420191,37078,-0.015305775772291641
2024-09-03,1421662,1440794,1411360,1414304,32674,-0.004145217086997444
2024-09-04,1383398,1401058,1374568,1392228,55410,-0.015609091114781593
2024-09-05,1395172,1404002,1356907,1376040,63174,-0.011627405855937356
2024-09-06,1376040,1431964,1367209,1420191,83935,0.032085549838667404
2024-09-09,1401058,1431964,1398115,1420191,37120,0.0
2024-09-10,1431964,1486417,1426077,1465813,118225,0.03212384813028679
2024-09-11,1474643,1492304,1427549,1443738,76640,-0.015059901911089635
2024-09-12,1452568,1452568,1423134,1429021,64160,-0.0101936778002657
2024-09-13,1442266,1465813,1427549,1456983,48381,0.01956724218888306
2024-09-19,1490832,1545285,1480530,1543813,151343,0.05959575369101766
2024-09-20,1540870,1564417,1526153,1560002,103531,0.010486373673495475
2024-09-23,1557059,1612983,1546757,1599738,107397,0.025471762215689475
2024-09-24,1596795,1605625,1561474,1592379,71364,-0.004600128271004422
2024-09-25,1615927,1632115,1524681,1540870,97854,-0.032347198751051076
2024-09-26,1540870,1552644,1515851,1548228,61539,0.0047752243862233534
2024-09-27,1540870,1542342,1451096,1451096,146504,-0.06273752961450119
2024-09-30,1448153,1476115,1431964,1437851,87364,-0.009127583564423003
2024-10-02,1431964,1449625,1409889,1437851,64144,0.0
2024-10-04,1454040,1495247,1440794,1470228,94232,0.022517632216411787
2024-10-07,1480530,1482002,1456983,1473172,46598,0.0020024105104785583
2024-10-08,1462870,1484945,1459926,1477587,36198,0.0029969345059503993
2024-10-10,1484945,1520266,1464342,1464342,60455,-0.008963939179215896
2024-10-11,1487889,1520266,1459926,1507021,65954,0.029145513821224878
2024-10-14,1507021,1526153,1496719,1524681,48684,0.011718483020475512
2024-10-15,1523210,1612983,1515851,1592379,90678,0.044401419050935864
2024-10-16,1576191,1592379,1554115,1555587,49900,-0.023105052252007874
2024-10-17,1557059,1564417,1498191,1509964,58186,-0.029328478574325967
2024-10-18,1520266,1577662,1508493,1560002,55403,0.033138538402240014
2024-10-21,1574719,1624757,1567361,1605625,92318,0.029245475326313608
2024-10-22,1596795,1638002,1552644,1558530,97269,-0.029331257298559787
2024-10-23,1574719,1611512,1551172,1558530,68734,0.0
2024-10-24,1564417,1568832,1502606,1532040,71768,-0.016996785432426664
2024-10-25,1527625,1592379,1502606,1561474,57834,0.019212292107255724
2024-10-28,1570304,1586493,1540870,1557059,41168,-0.0028274566211157204
2024-10-29,1555587,1587964,1532040,1540870,36208,-0.010397165425330757
2024-10-30,1524681,1539398,1499662,1517323,44098,-0.015281626613536492
2024-10-31,1515851,1515851,1471700,1474643,61499,-0.02812848681526614
2024-11-01,1464342,1487889,1464342,1468757,29042,-0.003991474546720775
2024-11-04,1471700,1496719,1452568,1496719,55324,0.01903786671314589
2024-11-05,1493776,1520266,1479059,1483474,42840,-0.008849356492434457
2024-11-06,1490832,1530568,1468757,1509964,70573,0.017856733586163243
2024-11-07,1495247,1515851,1426077,1464342,86171,-0.03021396536606169
2024-11-08,1476115,1492304,1468757,1477587,44385,0.009045018171984331
2024-11-11,1470228,1498191,1451096,1482002,57850,0.0029879797264051877
2024-11-12,1473172,1487889,1443738,1452568,55859,-0.01986097184754132
2024-11-13,1439323,1452568,1393700,1398115,61540,-0.037487401622505745
2024-11-14,1399587,1430492,1387813,1408417,52486,0.007368492577506158
2024-11-15,1406945,1418719,1367209,1378983,191319,-0.020898640104457744
2024-11-18,1346606,1371624,1334832,1348077,60269,-0.022412168968000357
2024-11-19,1349549,1378983,1349549,1352492,50846,0.003275035476460131
2024-11-20,1386341,1402530,1346606,1380455,64006,0.02067516850376938
2024-11-21,1389285,1417247,1371624,1371624,88919,-0.006397166151739797
2024-11-22,1381926,1381926,1362794,1374568,54269,0.0021463608102512133
2024-11-25,1384870,1412832,1373096,1409889,75829,0.025696073239010353
2024-11-26,1396643,1405474,1355436,1367209,61023,-0.030271886652069813
2024-11-27,1370153,1406945,1367209,1402530,56717,0.02583438230731372
2024-11-28,1409889,1471700,1393700,1471700,82342,0.04931801815290937
2024-11-29,1474643,1482002,1431964,1434908,56563,-0.024999660256845857
2024-12-02,1454040,1464342,1420191,1429021,34572,-0.004102702054765928
2024-12-03,1446681,1458455,1418719,1423134,57992,-0.004119603560759466
2024-12-04,1402530,1429021,1384870,1414304,61446,-0.0062046160094552105
2024-12-05,1418719,1443738,1417247,1418719,31999,0.003121676810643237
2024-12-06,1427549,1448153,1406945,1415775,53805,-0.0020751114209367483
2024-12-09,1386341,1434908,1384870,1402530,80640,-0.009355300100651553
2024-12-10,1415775,1421662,1392228,1411360,58489,0.006295765509472195
2024-12-11,1405474,1420191,1392228,1396643,46762,-0.010427530892189063
2024-12-12,1405474,1442266,1389285,1409889,82142,0.00948417025682291
2024-12-13,1411360,1464342,1398115,1451096,52193,0.029227123553698275
2024-12-16,1467285,1471700,1440794,1470228,44394,0.01318451708226065
2024-12-17,1467285,1470228,1431964,1433436,41108,-0.025024690048074172
2024-12-18,1439323,1451096,1421662,1442266,27728,0.006160023886661037
2024-12-19,1420191,1442266,1405474,1409889,48485,-0.02244870225048634
2024-12-20,1393700,1395172,1336304,1381926,68261,-0.01983347625238585
2024-12-23,1392228,1406945,1383398,1396643,22602,0.010649629574955632
2024-12-24,1402530,1409889,1368681,1380455,27584,-0.01159064986542735
2024-12-26,1380455,1401058,1373096,1378983,25528,-0.001066315091763248
2024-12-27,1373096,1383398,1353964,1374568,23957,-0.0032016348279855222
2024-12-30,1376040,1426077,1371624,1396643,35404,0.016059591086072134
2025-01-02,1398115,1401058,1359851,1374568,37313,-0.015805757090394557
2025-01-03,1374568,1399587,1371624,1383398,29946,0.006423836434428898
2025-01-06,1383398,1395172,1371624,1392228,30463,0.006382834151849259
2025-01-07,1399587,1479059,1398115,1446681,103056,0.039112128185900596
2025-01-08,1458455,1487889,1455511,1483474,72808,0.025432697325809883
2025-01-09,1471700,1492304,1459926,1480530,33838,-0.001984530905159154
2025-01-10,1473172,1501134,1470228,1471700,28760,-0.005964080430656549
2025-01-13,1480530,1536455,1479059,1489360,49169,0.011999728205476679
2025-01-14,1543813,1562945,1498191,1507021,66567,0.011858113552129845
2025-01-15,1524681,1539398,1501134,1501134,48587,-0.003906382193745173
2025-01-16,1511436,1549700,1511436,1533511,58550,0.021568360985761537
2025-01-17,1524681,1527625,1493776,1493776,32428,-0.02591112812363261
2025-01-20,1504077,1515851,1490832,1493776,26394,0.0
2025-01-21,1505549,1511436,1471700,1473172,31094,-0.013793232720300752
2025-01-22,1487889,1526153,1479059,1492304,45372,0.012986942461572726
2025-01-23,1505549,1586493,1504077,1549700,109129,0.038461332275461224
2025-01-24,1577662,1607096,1564417,1599738,72585,0.03228883009614769
2025-01-31,1611512,1618870,1568832,1590908,56184,-0.005519653843316874
2025-02-03,1570304,1611512,1524681,1611512,68731,0.012951094595036183
2025-02-04,1617398,1618870,1571776,1577662,68315,-0.02100511817473283
2025-02-05,1579134,1605625,1562945,1596795,39692,0.012127439210680047
2025-02-06,1611512,1611512,1589436,1602681,32189,0.003686133786741541
2025-02-07,1604153,1714531,1599738,1707172,129253,0.06519762822420683
2025-02-10,1707172,1711587,1658606,1663021,66512,-0.025862068965517238
2025-02-11,1663021,1746908,1663021,1727776,62048,0.03893817336040861
2025-02-12,1710115,1720417,1673323,1702757,58417,-0.014480465060285552
2025-02-13,1713059,1745436,1693927,1735134,54351,0.01901445714215244
2025-02-14,1746908,1779285,1727776,1736606,64369,0.0008483494646522871
2025-02-17,1745436,1745436,1714531,1743965,31468,0.0042375760535204865
2025-02-18,1732191,1748380,1711587,1729248,36861,-0.0084388161459662
2025-02-19,1711587,1738078,1692455,1701285,52874,-0.016170612890690106
2025-02-20,1692455,1701285,1657134,1690983,53341,-0.006055422812756284
2025-02-21,1673323,1707172,1668908,1702757,31631,0.00696281393721887
2025-02-24,1688040,1701285,1674795,1693927,24177,-0.005185707649417948
2025-02-25,1680681,1768983,1677738,1733663,73951,0.02345791760801963
2025-02-26,1738078,1746908,1689512,1718946,39369,-0.008488962387730448
2025-02-27,1716002,1724832,1693927,1705700,24542,-0.007705884885272685
2025-02-28,1689512,1699814,1639474,1642417,68707,-0.03710089699243713
2025-03-04,1639474,1685097,1633587,1648304,30430,0.003584351598893587
2025-03-05,1655663,1690983,1648304,1682153,35514,0.020535653617293814
2025-03-06,1688040,1688040,1657134,1663021,29147,-0.011373519531219789
2025-03-07,1649776,1654191,1618870,1618870,33931,-0.026548672566371723
2025-03-10,1599738,1610040,1562945,1593851,43455,-0.015454607226027983
2025-03-11,1560002,1589436,1552644,1571776,31582,-0.013850102675846077
2025-03-12,1567361,1598266,1560002,1587964,37972,0.010299177490940226
2025-03-13,1587964,1599738,1545285,1549700,75006,-0.02409626414704613
2025-03-14,1549700,1551172,1518794,1546757,54650,-0.0018990772407563306
2025-03-17,1562945,1573247,1545285,1573247,36600,0.01712615491638303
2025-03-18,1585021,1601210,1570304,1595323,30328,0.014032125915383942
2025-03-19,1605625,1621813,1582078,1587964,26612,-0.00461285896335728
2025-03-20,1599738,1604153,1565889,1577662,29733,-0.006487552614542924
2025-03-21,1560002,1611512,1560002,1611512,60735,0.021455799784744878
2025-03-24,1596795,1602681,1580606,1586493,16061,-0.015525171391835735
2025-03-25,1585021,1593851,1561474,1580606,29290,-0.003710700267823386
2025-03-26,1585021,1589436,1555587,1577662,23980,-0.0018625767585344066
2025-03-27,1560002,1573247,1555587,1558530,15297,-0.012126805361351134
2025-03-28,1564417,1565889,1532040,1543813,17243,-0.009442872450321826
2025-03-31,1511436,1527625,1492304,1492304,37716,-0.033364792238438246
2025-04-01,1508493,1571776,1502606,1557059,42961,0.04339263313641184
2025-04-02,1545285,1555587,1521738,1545285,35265,-0.007561691625044387
2025-04-03,1523210,1658606,1523210,1638002,96173,0.05999993528701819
2025-04-04,1615927,1633587,1560002,1573247,68981,-0.039532918763224956
2025-04-07,1493776,1508493,1476115,1483474,76158,-0.057062241339090436
2025-04-08,1501134,1520266,1473172,1477587,95433,-0.0039683877169400805
2025-04-09,1468757,1483474,1452568,1459926,69405,-0.011952595684721068
2025-04-10,1471700,1515851,1468757,1499662,118730,0.02721781788939981
2025-04-11,1480530,1542342,1476115,1537927,51374,0.02551574954889846
2025-04-14,1542342,1542342,1515851,1527625,32477,-0.006698627438103344
2025-04-15,1523210,1534983,1501134,1521738,45286,-0.003853694460355106
2025-04-16,1526153,1536455,1499662,1505549,29183,-0.010638493617166733
2025-04-17,1512908,1565889,1509964,1558530,56451,0.035190485331264565
2025-04-18,1561474,1562945,1539398,1543813,19426,-0.009442872450321826
2025-04-21,1549700,1587964,1540870,1577662,27198,0.021925582955966805
2025-04-22,1574719,1595323,1565889,1582078,43898,0.0027990786366154374
2025-04-23,1593851,1595323,1539398,1568832,58220,-0.008372532833400115
2025-04-24,1576191,1582078,1514379,1539398,82653,-0.01876172847060742
2025-04-25,1540870,1545285,1514379,1523210,63587,-0.010515799033128492
2025-04-28,1534983,1537927,1515851,1526153,38946,0.001932103912132943
2025-04-29,1532040,1552644,1523210,1549700,42543,0.015428990409218413
2025-04-30,1540870,1551172,1532040,1548228,37526,-0.0009498612634702974
2025-05-02,1534983,1598266,1533511,1596795,50262,0.03136941070695021
2025-05-07,1574719,1574719,1521738,1532040,81451,-0.040553107944351074
2025-05-08,1540870,1552644,1524681,1524681,46139,-0.004803399389049945
2025-05-09,1533511,1534983,1518794,1530568,25517,0.003861135542451155
2025-05-12,1532040,1533511,1455511,1458455,98360,-0.04711518860971875
2025-05-13,1470228,1490832,1464342,1471700,62696,0.009081528055373767
2025-05-14,1465813,1492304,1455511,1479059,46152,0.00500033974315417
2025-05-15,1465813,1480530,1464342,1468757,25900,-0.0069652393853119055
2025-05-16,1471700,1482002,1467285,1474643,21338,0.004007470262269441
2025-05-19,1474643,1533511,1474643,1512908,53048,0.025948653335078342
2025-05-20,1520266,1526153,1502606,1511436,37838,-0.0009729606823415393
2025-05-21,1520266,1646832,1518794,1618870,145479,0.07108074705114875
2025-05-22,1708644,1751323,1579134,1589436,161924,-0.018181818181818188
2025-05-23,1589436,1595323,1495247,1495247,73783,-0.059259385090057126
2025-05-26,1515851,1534983,1490832,1534983,65068,0.02657487358275934
2025-05-27,1520266,1533511,1505549,1509964,42950,-0.01629920331365231
2025-05-28,1512908,1527625,1505549,1512908,26990,0.001949715357452142
2025-05-29,1521738,1526153,1493776,1509964,61089,-0.0019459213646830786
2025-05-30,1504077,1543813,1499662,1518794,78922,0.005847821537467102
2025-06-02,1505549,1534983,1505549,1517323,31965,-0.0009685316112651998
2025-06-04,1517323,1530568,1508493,1521738,53965,0.002909729833397323
2025-06-05,1511436,1530568,1493776,1499662,61746,-0.014507096490985916
2025-06-09,1505549,1524681,1495247,1520266,52924,0.013739095876270868
2025-06-10,1521738,1532040,1505549,1530568,50651,0.006776445700949596
2025-06-11,1527625,1542342,1518794,1534983,42676,0.002884550049393475
2025-06-12,1527625,1533511,1508493,1514379,65772,-0.013422949961009345
2025-06-13,1515851,1523210,1483474,1499662,64735,-0.009718174908658894
2025-06-16,1499662,1502606,1484945,1493776,33351,-0.003924884407286444
2025-06-17,1499662,1507021,1480530,1486417,49105,-0.004926441447713703
2025-06-18,1476115,1483474,1465813,1477587,44879,-0.005940459507661755
2025-06-19,1480530,1480530,1465813,1470228,30917,-0.004980417396742154
2025-06-20,1477587,1502606,1471700,1495247,84392,0.017017088506000366
2025-06-23,1476115,1476115,1456983,1459926,47989,-0.0236221841608778
2025-06-24,1477587,1480530,1468757,1477587,48594,0.012097188487635746
2025-06-25,1471700,1486417,1458455,1477587,39096,0.0
2025-06-26,1482002,1486417,1459926,1470228,37703,-0.004980417396742154
2025-06-27,1477587,1479059,1461398,1465813,25859,-0.0030029355991043616
2025-06-30,1473172,1473172,1459926,1459926,30270,-0.004016201248044582
2025-07-01,1462870,1476115,1462870,1476115,37890,0.011088918205443221
2025-07-02,1470228,1508493,1462870,1484945,50433,0.005981918752942628
2025-07-03,1493776,1549700,1474643,1536455,85450,0.034688153433292124
2025-07-04,1549700,1554115,1515851,1527625,54849,-0.005746995518905562
2025-07-07,1529096,1530568,1507021,1514379,30746,-0.008670976188527968
2025-07-08,1515851,1523210,1482002,1490832,47499,-0.015548947786518386
2025-07-09,1496719,1508493,1483474,1498191,34220,0.004936169870247031
2025-07-10,1499662,1599738,1498191,1589436,140495,0.060903449560169465
2025-07-11,1570304,1595323,1555587,1555587,220386,-0.021296233380897367
2025-07-14,1551172,1558530,1526153,1533511,37912,-0.014191427416145763
2025-07-15,1530568,1545285,1505549,1517323,52190,-0.010556168165732127
2025-07-16,1512908,1524681,1505549,1520266,32592,0.0019396002037799231
2025-07-17,1542342,1595323,1526153,1574719,72236,0.03581807394232328
2025-07-18,1589436,1589436,1520266,1546757,51663,-0.01775681883561453
2025-07-21,1551172,1555587,1523210,1529096,39185,-0.011418083124886458
2025-07-22,1529096,1546757,1524681,1533511,32161,0.002887326891182873
2025-07-23,1557059,1586493,1539398,1565889,72871,0.02111364052817355
2025-07-24,1589436,1663021,1586493,1601210,125530,0.022556515819448286
2025-07-25,1602681,1602681,1562945,1568832,39399,-0.020220957900587644
2025-07-28,1586493,1587964,1551172,1570304,42221,0.0009382776485946653
2025-07-29,1574719,1611512,1574719,1601210,43541,0.01968153937072059
2025-07-30,1586493,1630644,1586493,1615927,62229,0.009191174174530525
2025-07-31,1611512,1621813,1560002,1570304,47472,-0.028233329847202282
2025-08-01,1555587,1574719,1514379,1521738,55156,-0.030927769400065253
2025-08-04,1532040,1549700,1514379,1542342,33204,0.01353978148669488
2025-08-05,1561474,1571776,1543813,1546757,28132,0.00286252984098212
2025-08-06,1529096,1530568,1512908,1517323,29531,-0.01902949202751303
2025-08-07,1523210,1524681,1499662,1514379,26215,-0.0019402592592348
2025-08-08,1515851,1515851,1499662,1504077,32704,-0.0068027884697291485
2025-08-11,1512908,1536455,1508493,1518794,24379,0.009784738414323257
2025-08-12,1512908,1530568,1501134,1502606,28012,-0.010658456643889869
2025-08-13,1515851,1530568,1509964,1530568,24053,0.018609003291614634
2025-08-14,1545285,1545285,1517323,1520266,28848,-0.006730834565991217
2025-08-18,1529096,1545285,1509964,1512908,27451,-0.004839942483749526
2025-08-19,1521738,1526153,1502606,1507021,23058,-0.003891181750641848
2025-08-20,1515851,1515851,1487889,1499662,27862,-0.004883143632371412
2025-08-21,1508493,1512908,1495247,1496719,20094,-0.0019624422036431666
2025-08-22,1507021,1529096,1499662,1515851,30911,0.012782626531767205
2025-08-25,1526153,1532040,1508493,1515851,28546,0.0
2025-08-26,1507021,1524681,1499662,1499662,53662,-0.010679809559118958
2025-08-27,1499662,1512908,1496719,1501134,25070,0.0009815545102829226
2025-08-28,1501134,1508493,1489360,1489360,35172,-0.007843403720120934
2025-08-29,1490832,1498191,1471700,1473172,54551,-0.010869098136112143
2025-09-01,1474643,1480530,1464342,1465813,40998,-0.004995343381492434
2025-09-02,1477587,1482002,1461398,1467285,33969,0.0010042208658267437
2025-09-03,1464342,1493776,1464342,1489360,31733,0.015044793615418994
2025-09-04,1480530,1496719,1480530,1496719,35463,0.004941048504055523
2025-09-05,1493776,1517323,1493776,1515851,35659,0.012782626531767205
2025-09-08,1518794,1529096,1509964,1517323,22240,0.0009710716950412923
2025-09-09,1549700,1564417,1515851,1532040,50883,0.009699319129809592
2025-09-10,1532040,1534983,1517323,1521738,37296,-0.006724367509986728
2025-09-11,1527625,1546757,1517323,1524681,70997,0.0019339728652369992
2025-09-12,1526153,1529096,1509964,1527625,53358,0.0019308957086761058
2025-09-15,1518794,1533511,1511436,1530568,43679,0.0019265199247198161
2025-09-16,1521738,1530568,1518794,1524681,33486,-0.003846284516597742
2025-09-17,1514379,1521738,1499662,1501134,48969,-0.015443886294903675
2025-09-18,1505549,1515851,1498191,1514379,34837,0.00882332956285059
2025-09-19,1505549,1515851,1501134,1507021,61970,-0.004858757285989834
2025-09-22,1509964,1517323,1496719,1509964,34985,0.0019528593164925834
2025-09-23,1502606,1540870,1502606,1524681,56355,0.009746589984926723
2025-09-24,1529096,1539398,1521738,1539398,48461,0.00965251091867736
2025-09-25,1537927,1539398,1502606,1504077,53279,-0.022944683571110236
2025-09-26,1486417,1493776,1445209,1471700,64508,-0.0215261585676797
2025-09-29,1477587,1486417,1470228,1476115,40733,0.0029999320513691696
2025-09-30,1471700,1477587,1464342,1467285,57387,-0.005981918752942739
2025-10-01,1470228,1489360,1470228,1479059,43681,0.008024344282126616
2025-10-02,1490832,1498191,1479059,1484945,56645,0.003979557272563161
2025-10-10,1495247,1504077,1484945,1492304,50163,0.004955739101448309
2025-10-13,1492304,1505549,1482002,1501134,59914,0.0059170249493400995
2025-10-14,1486417,1526153,1476115,1511436,68635,0.006862811714343886
2025-10-15,1530568,1664493,1526153,1658606,231777,0.0973709770046498
2025-10-16,1643889,1668908,1640946,1667436,53272,0.005323747773732901
2025-10-17,1658606,1667436,1633587,1643889,52691,-0.014121681431851107
2025-10-20,1649776,1695398,1645361,1670380,69460,0.01611483500406652
2025-10-21,1673323,1692455,1660078,1683625,58445,0.007929333445084286
2025-10-22,1682153,1745436,1674795,1726304,62055,0.025349469151384696
2025-10-23,1710115,1732191,1693927,1710115,47229,-0.009377838434018626
2025-10-24,1733663,1757210,1723361,1733663,41190,0.01376983419243727
2025-10-27,1745436,1782229,1743965,1777814,74101,0.025466887163191565
2025-10-28,1829323,1861701,1779285,1813134,110857,0.01986709520793517
2025-10-29,1835210,1848455,1780757,1796946,191388,-0.00892818732647449
2025-10-30,1796946,1796946,1796946,1796946,0,0.0
2025-10-31,1796946,1796946,1796946,1796946,0,0.0
2025-11-03,1796946,1796946,1796946,1796946,0,0.0
2025-11-04,1796946,1796946,1796946,1796946,0,0.0
2025-11-05,1796946,1796946,1796946,1796946,0,0.0
2025-11-06,1796946,1796946,1796946,1796946,0,0.0
2025-11-07,1796946,1796946,1796946,1796946,0,0.0
2025-11-10,1796946,1796946,1796946,1796946,0,0.0
2025-11-11,1796946,1796946,1796946,1796946,0,0.0
2025-11-12,1796946,1796946,1796946,1796946,0,0.0
2025-11-13,1796946,1796946,1796946,1796946,0,0.0
2025-11-14,1796946,1796946,1796946,1796946,0,0.0
2025-11-17,1796946,1796946,1796946,1796946,0,0.0
2025-11-18,1796946,1796946,1796946,1796946,0,0.0
2025-11-19,1796946,1796946,1796946,1796946,0,0.0
2025-11-20,1796946,1796946,1796946,1796946,0,0.0
2025-11-21,1796946,1796946,1796946,1796946,0,0.0
2025-11-24,1797000,1841000,1650000,1789000,560815,-0.004421947014545791
2025-11-25,1812000,1812000,1586000,1627000,224828,-0.09055338177752936
2025-11-26,1640000,1681000,1600000,1651000,115530,0.014751075599262364
2025-11-27,1662000,1687000,1640000,1646000,70847,-0.0030284675953967666
2025-11-28,1653000,1655000,1605000,1607000,50331,-0.0236938031591738
2025-12-01,1629000,1662000,1623000,1649000,54392,0.026135656502800142
2025-12-02,1662000,1663000,1645000,1654000,33670,0.003032140691328067
2025-12-03,1659000,1694000,1650000,1654000,44310,0.0
2025-12-04,1677000,1693000,1650000,1680000,34738,0.01571946795646917
2025-12-05,1667000,1677500,1640000,1641000,54357,-0.023214285714285743
2025-12-08,1650000,1651000,1623000,1629000,36652,-0.007312614259597838
2025-12-09,1639000,1664000,1628000,1660000,44895,0.01903007980356053
2025-12-10,1657000,1674000,1637000,1665000,34891,0.003012048192771122
2025-12-11,1666000,1693000,1661000,1669000,60950,0.002402402402402304
2025-12-12,1679000,1698000,1668000,1692000,44882,0.013780707010185633
2025-12-15,1680000,1830000,1671000,1772000,107019,0.047281323877068626
2025-12-16,1815000,1820000,1771000,1790000,54125,0.010158013544018019
2025-12-17,1790000,1790000,1740000,1750000,40730,-0.022346368715083775
2025-12-18,1750000,1793500,1728000,1738000,38712,-0.006857142857142895
2025-12-19,1765000,1770000,1697000,1733000,45677,-0.0028768699654775354
2025-12-22,1785000,1785000,1711000,1724000,42564,-0.005193306405077869
2025-12-23,1731000,1745000,1714000,1720000,36146,-0.002320185614849146
2025-12-24,1717000,1720000,1685000,1691000,36975,-0.016860465116279033
2025-12-26,1691000,1693000,1676000,1692000,27002,0.0005913660555885158
2025-12-29,1683000,1710000,1680000,1706000,25923,0.008274231678486954
2025-12-30,1700000,1703000,1692000,1695000,26967,-0.00644783118405623
2026-01-02,1695000,1709000,1679000,1683000,46684,-0.0070796460176991705
2026-01-05,1673000,1724000,1671000,1713000,51390,0.017825311942959
2026-01-06,1720000,1735000,1710000,1721000,36813,0.004670169293636839
2026-01-07,1736000,1789000,1730000,1767000,61546,0.026728646135967482
2026-01-08,1767000,1900000,1766000,1885000,128454,0.0667798528579513
2026-01-09,1875000,1879000,1834000,1878000,70385,-0.003713527851458842
2026-01-12,1899000,1915000,1845000,1859000,68736,-0.010117145899893543
2026-01-13,1885000,1944000,1881000,1908000,77125,0.02635825712748785
2026-01-14,1924000,1948000,1912000,1927000,86681,0.009958071278826086
2026-01-15,1930000,1987000,1921000,1965000,70485,0.019719771665801744
2026-01-16,1980000,1981000,1895000,1947000,68134,-0.009160305343511421
2026-01-19,1927000,1940000,1900000,1921000,44904,-0.01335387776065744
2026-01-20,1922000,1942000,1912000,1920000,42737,-0.0005205622071837723
2026-01-21,1909000,1909000,1870000,1873000,59612,-0.02447916666666672
2026-01-22,1874000,1888000,1778000,1778000,182684,-0.0507207688200747
2026-01-23,1794000,1808000,1790000,1802000,62438,0.013498312710911176
2026-01-26,1805000,1819000,1793000,1807000,72980,0.002774694783573839
2026-01-27,1808000,1809000,1790000,1790000,74402,-0.009407858328721597
2026-01-28,1802000,1814000,1785000,1791000,59883,0.0005586592178770111
2026-01-29,1796000,1798000,1765000,1776000,67355,-0.008375209380234505
2026-01-30,1781000,1782000,1745000,1745000,63642,-0.01745495495495497
2026-02-02,1745000,1763000,1705000,1711000,67005,-0.019484240687679066
2026-02-03,1717000,1756000,1712000,1749000,50120,0.02220923436586797
2026-02-04,1755000,1778000,1745000,1759000,55355,0.005717552887364308
2026-02-05,1792000,1795000,1700000,1700000,59550,-0.03354178510517336
2026-02-06,1688000,1688000,1637000,1668000,57738,-0.018823529411764683
2026-02-09,1704000,1717000,1676000,1694000,57218,0.015587529976019088
2026-02-10,1705000,1740000,1691000,1710000,46371,0.009445100354191327
2026-02-11,1732000,1743000,1710000,1712000,31291,0.0011695906432749315
2026-02-12,1727000,1728000,1707000,1719000,39569,0.004088785046729049
2026-02-13,1710000,1715000,1702000,1710000,30115,-0.005235602094240788
2026-02-19,1712000,1753000,1712000,1720000,40847,0.005847953216374213
2026-02-20,1729000,1739000,1727000,1736000,32604,0.009302325581395321
2026-02-23,1741000,1757000,1713000,1717000,67316,-0.010944700460829515
2026-02-24,1747000,1747000,1719000,1723000,47116,0.0034944670937682165
2026-02-25,1723000,1732000,1715000,1728000,45641,0.0029019152640743506
2026-02-26,1728000,1775000,1728000,1766000,88413,0.0219907407407407
2026-02-27,1760000,1778000,1741000,1778000,97725,0.006795016987542368
2026-03-03,1775000,1775000,1679000,1681000,81261,-0.05455568053993254
2026-03-04,1639000,1650000,1501000,1516000,83414,-0.0981558596073766
2026-03-05,1626000,1669000,1588000,1647000,70178,0.08641160949868065
2026-03-06,1614000,1668000,1599000,1644000,57347,-0.0018214936247723523
2026-03-09,1558000,1602000,1542000,1579000,56445,-0.03953771289537711
2026-03-10,1638000,1640000,1579000,1592000,48257,0.008233058898036827
2026-03-11,1630000,1693000,1626000,1657000,48088,0.04082914572864316
2026-03-12,1650000,1650000,1610000,1625000,63692,-0.01931200965600488
2026-03-13,1589000,1599000,1575000,1592000,42424,-0.02030769230769236
2026-03-16,1590000,1590000,1551000,1568000,29984,-0.015075376884422065
2026-03-17,1589000,1608000,1582000,1587000,29429,0.01211734693877542
2026-03-18,1600000,1650000,1598000,1626000,50561,0.02457466918714557
2026-03-19,1597000,1605000,1585000,1585000,30824,-0.025215252152521517
2026-03-20,1599000,1631000,1595000,1601000,31941,0.010094637223974745
2026-03-23,1556000,1562000,1523000,1523000,32660,-0.04871955028107433
2026-03-24,1569000,1570000,1519000,1547000,27709,0.01575837163493099
2026-03-25,1578000,1607000,1540000,1585000,35752,0.024563671622495065
2026-03-26,1608000,1619000,1581000,1585000,30276,0.0
2026-03-27,1551000,1608000,1537000,1606000,27116,0.013249211356466839
2026-03-30,1537000,1550000,1522000,1530000,34318,-0.04732254047322537
2026-03-31,1515000,1588000,1480000,1504000,82617,-0.016993464052287632
2026-04-01,1570000,1587000,1500000,1572000,51951,0.04521276595744683
2026-04-02,1586000,1657000,1564000,1585000,77387,0.008269720101781175
2026-04-03,1631000,1631000,1551000,1554000,27956,-0.019558359621451138
2026-04-06,1560000,1582000,1545000,1555000,25964,0.0006435006435006052
2026-04-07,1555000,1613500,1555000,1586000,31451,0.019935691318327953
2026-04-08,1659000,1660000,1591000,1598000,52453,0.007566204287515754
2026-04-09,1598000,1619000,1578000,1580000,37749,-0.01126408010012514
2026-04-10,1586000,1594000,1569500,1571000,30706,-0.0056962025316456
2026-04-13,1564000,1564000,1542000,1550000,31922,-0.013367281985996127
2026-04-14,1553000,1563000,1530000,1536000,67443,-0.00903225806451613
2026-04-15,1555000,1619000,1554000,1602000,64483,0.04296875
2026-04-16,1602000,1625000,1602000,1616000,32491,0.008739076154806513
2026-04-17,1612000,1613000,1591000,1601000,26261,-0.009282178217821735
2026-04-20,1607000,1614000,1591000,1605000,25519,0.002498438475952547
2026-04-21,1607000,1608000,1585000,1588000,47766,-0.010591900311526459
2026-04-22,1584000,1597000,1557000,1561000,44657,-0.01700251889168769
2026-04-23,1600000,1600000,1513000,1514000,139459,-0.030108904548366455
2026-04-24,1525000,1533000,1514000,1528000,59422,0.009247027741083214
2026-04-27,1528000,1529000,1509000,1509000,88430,-0.012434554973821954
2026-04-28,1512000,1519000,1504000,1504000,40649,-0.0033134526176276102
2026-04-29,1512000,1515000,1472000,1473000,70039,-0.020611702127659615
2026-04-30,1474000,1484000,1470000,1470000,44538,-0.0020366598778004397
2026-05-04,1485000,1486000,1460000,1485000,91513,0.010204081632652962
2026-05-06,1497000,1498000,1469000,1480000,102714,-0.0033670033670033517
2026-05-07,1482000,1486000,1467000,1468000,66462,-0.008108108108108136
2026-05-08,1470000,1485000,1455000,1472000,62693,0.0027247956403269047
2026-05-11,1470000,1471000,1454000,1458000,67575,-0.009510869565217406
2026-05-12,1455000,1477000,1420000,1443000,84654,-0.010288065843621408
2026-05-13,1443000,1459000,1402000,1410000,76826,-0.022869022869022815
2026-05-14,1403000,1449000,1387000,1449000,75777,0.027659574468085202
2026-05-15,1443000,1469000,1400000,1419000,82235,-0.020703933747411973
2026-05-18,1415000,1415000,1356000,1386000,54234,-0.023255813953488413
2026-05-19,1375000,1382000,1336000,1346000,68759,-0.028860028860028808
2026-05-20,1347000,1361000,1300000,1337000,82110,-0.006686478454680511
2026-05-21,1368000,1404000,1366000,1395000,50454,0.04338070306656694
2026-05-22,1402000,1444000,1387000,1415000,65301,0.014336917562723928
2026-05-26,1431000,1438000,1416000,1425000,44640,0.007067137809187329
2026-05-27,1415000,1419000,1375000,1384000,45686,-0.02877192982456145
2026-05-28,1393000,1405000,1340000,1373000,58500,-0.007947976878612706
2026-05-29,1379000,1386000,1336000,1363000,128284,-0.007283321194464731
2026-06-01,1356000,1400000,1344000,1377000,67442,0.010271460014673606
2026-06-02,1363000,1401000,1350000,1367000,54844,-0.0072621641249092095
2026-06-04,1375000,1383000,1342000,1350000,69504,-0.012435991221653286
2026-06-05,1377000,1408000,1329000,1340000,47701,-0.007407407407407418
2026-06-08,1268000,1295000,1228000,1243000,78137,-0.07238805970149254
2026-06-09,1255000,1307000,1238000,1296000,59718,0.042638777152051555
2026-06-10,1291000,1305000,1253000,1298000,44562,0.0015432098765431057
2026-06-11,1270000,1310000,1244000,1286000,66303,-0.009244992295839749
2026-06-12,1320000,1326000,1282000,1295000,54753,0.006998444790046632
2026-06-15,1324000,1359000,1320000,1332000,43859,0.02857142857142847
2026-06-16,1349000,1357000,1321000,1333000,40379,0.0007507507507507061
2026-06-17,1340000,1380500,1315000,1370000,60218,0.02775693923480871
2026-06-18,1376000,1456000,1362000,1430000,113690,0.04379562043795615
2026-06-19,1442000,1443000,1346000,1374000,99207,-0.03916083916083912
2026-06-22,1374000,1374000,1290000,1295000,51541,-0.05749636098981081
2026-06-23,1300000,1344000,1270000,1273000,61840,-0.01698841698841702
2026-06-24,1290000,1396000,1258000,1385000,95518,0.08798114689709347
2026-06-25,1383000,1428000,1361000,1386000,76241,0.0007220216606498298
2026-06-26,1401000,1402000,1309000,1343000,53490,-0.031024531024531066
2026-06-29,1358000,1456000,1347000,1448000,85788,0.07818317200297842
2026-06-30,1449000,1459000,1380000,1391000,74245,-0.03936464088397795
2026-07-01,1419000,1419000,1352000,1396000,39712,0.0035945363048166534
2026-07-02,1397000,1450000,1353000,1406000,65143,0.007163323782235054
2026-07-03,1438000,1460000,1401000,1421000,54162,0.010668563300142209
2026-07-06,1421000,1422000,1373000,1405000,35577,-0.011259676284306797
2026-07-07,1391000,1426000,1376000,1422000,51193,0.012099644128113818
2026-07-08,1420000,1432000,1350000,1363000,48968,-0.04149085794655416
2026-07-09,1378000,1379000,1304000,1325000,51344,-0.027879677182685247
2026-07-10,1350000,1415000,1333000,1395000,43685,0.05283018867924527
2026-07-13,1400000,1445000,1383000,1400000,45614,0.0035842293906809264
2026-07-14,1387000,1400000,1339000,1368000,65068,-0.02285714285714291
2026-07-15,1384000,1418000,1376000,1383000,40849,0.010964912280701844
2026-07-16,1389000,1408000,1355000,1396000,29974,0.009399855386840184
2026-07-20,1428000,1428000,1341000,1345000,40527,-0.03653295128939826
2026-07-21,1367000,1415000,1346000,1395000,51667,0.037174721189590976
2026-07-22,1415000,1437000,1372000,1372000,37607,-0.016487455197132572
2026-07-23,1399000,1414000,1360000,1379000,42385,0.005102040816326481
2026-07-24,1380000,1537000,1380000,1518000,198056,0.10079767947788243
2026-07-27,1499000,1575000,1486000,1545000,99652,0.01778656126482203
2026-07-28,1533000,1575000,1512000,1549000,155654,0.0025889967637540146
2026-07-29,1544000,1561000,1435000,1479000,91074,-0.045190445448676564
2026-07-30,1473000,1541000,1442000,1527000,83710,0.032454361054766734
2026-07-31,1526000,1537000,1455000,1485000,90690,-0.027504911591355596
2026-08-03,1473000,1473000,1411000,1423000,47113,-0.04175084175084176
2026-08-04,1424000,1476000,1406000,1476000,51711,0.037245256500351376
2026-08-05,1473000,1519000,1473000,1491000,52180,0.010162601626016343
2026-08-06,1505000,1514000,1477000,1514000,48730,0.015425888665325349
2026-08-07,1503000,1556000,1490000,1556000,51786,0.02774108322324964
2026-08-10,1556000,1572000,1532000,1569000,42211,0.008354755784061751
2026-08-11,1571000,1623000,1567000,1609000,69856,0.02549394518801784
2026-08-12,1609000,1628000,1545000,1549000,69313,-0.03729024238657552
2026-08-13,1556000,1571000,1531000,1564000,55792,0.009683666881859176
2026-08-14,1557000,1574000,1546000,1548000,29916,-0.010230179028132946
2026-08-18,1533000,1542000,1515000,1531000,37718,-0.010981912144702788
2026-08-19,1507000,1544000,1486000,1544000,28670,0.00849118223383405
